Country / Territory,ISO3,Region,CPI score 2025,Rank 2025,Sources 2025,Standard error 2025,CPI score 2024,Rank 2024,Sources 2024,Standard error 2024,CPI score 2023,Rank 2023,Sources 2023,Standard error 2023,CPI score 2022,Rank 2022,Sources 2022,Standard error 2022,CPI score 2021,Rank 2021,Sources 2021,Standard error 2021,CPI score 2020,Rank 2020,Sources 2020,Standard error 2020,CPI score 2019,Rank 2019,Sources 2019,Standard error 2019,CPI score 2018,Rank 2018,Sources 2018,Standard error 2018,CPI score 2017,Rank 2017,Sources 2017,Standard error 2017,CPI score 2016,Sources 2016,Standard error 2016,CPI score 2015,Sources 2015,Standard error 2015,CPI score 2014,Sources 2014,Standard error 2014,CPI Score 2013,Sources 2013,Standard error 2013,CPI Score 2012,Sources 2012,Standard error 2012
Afghanistan,AFG,AP,16,169,5,4.23,17.0,165.0,5.0,5.76,20.0,162.0,5.0,6.24,24.0,150.0,4.0,6.3,16.0,174.0,5.0,2.12,19.0,165.0,5.0,2.44,16.0,173.0,5.0,2.55,16.0,172.0,5.0,1.41,15.0,177.0,5.0,1.39,15.0,5.0,1.74,11.0,4.0,3.49,12.0,4.0,1.29,8.0,3.0,3.3,8.0,3.0,3.3
Albania,ALB,ECA,39,91,7,2.41,42.0,80.0,8.0,3.03,37.0,98.0,7.0,1.56,36.0,101.0,8.0,1.32,35.0,110.0,8.0,1.33,36.0,104.0,8.0,0.92,35.0,106.0,8.0,2.51,36.0,99.0,8.0,1.65,38.0,91.0,8.0,1.81,39.0,7.0,1.99,36.0,7.0,3.58,33.0,7.0,1.51,31.0,7.0,2.1,33.0,7.0,2.0
Algeria,DZA,MENA,34,109,8,2.32,34.0,107.0,8.0,2.64,36.0,104.0,7.0,2.33,33.0,116.0,6.0,1.67,33.0,117.0,7.0,1.08,36.0,104.0,7.0,1.48,35.0,106.0,7.0,2.59,35.0,105.0,6.0,1.21,33.0,112.0,6.0,2.32,34.0,6.0,2.94,36.0,5.0,1.85,36.0,5.0,2.06,36.0,6.0,2.8,34.0,6.0,3.3
Angola,AGO,SSA,32,120,8,2.53,32.0,121.0,8.0,2.8,33.0,121.0,7.0,2.81,33.0,116.0,7.0,2.81,29.0,136.0,7.0,1.53,27.0,142.0,7.0,2.01,26.0,146.0,7.0,1.82,19.0,165.0,6.0,1.31,19.0,167.0,5.0,1.28,18.0,4.0,1.68,15.0,5.0,1.8,19.0,6.0,1.71,23.0,7.0,2.8,22.0,7.0,1.8
Argentina,ARG,AME,36,104,8,2.18,37.0,99.0,8.0,3.01,37.0,98.0,8.0,2.05,38.0,94.0,7.0,2.33,38.0,96.0,8.0,2.1,42.0,78.0,8.0,2.32,45.0,66.0,8.0,3.29,40.0,85.0,8.0,2.7,39.0,85.0,8.0,2.92,36.0,8.0,1.76,32.0,7.0,1.84,34.0,7.0,2.42,34.0,8.0,2.4,35.0,8.0,2.6
Armenia,ARM,ECA,46,65,6,2.3,47.0,63.0,6.0,2.5,47.0,62.0,6.0,2.54,46.0,63.0,6.0,2.47,49.0,58.0,6.0,3.76,49.0,60.0,6.0,3.5,42.0,77.0,6.0,4.31,35.0,105.0,6.0,4.0,35.0,107.0,6.0,3.79,33.0,6.0,4.01,35.0,5.0,2.98,37.0,6.0,3.69,36.0,6.0,3.5,34.0,6.0,2.7
Australia,AUS,AP,76,12,9,1.43,77.0,10.0,9.0,1.67,75.0,14.0,9.0,1.52,75.0,13.0,9.0,0.78,73.0,18.0,9.0,1.63,77.0,11.0,9.0,1.05,77.0,12.0,9.0,1.32,77.0,13.0,9.0,1.27,77.0,13.0,9.0,1.4,79.0,8.0,1.27,79.0,8.0,1.5,80.0,8.0,1.31,81.0,8.0,1.5,85.0,8.0,1.1
Austria,AUT,WE/EU,69,21,8,1.25,67.0,25.0,8.0,1.92,71.0,20.0,8.0,1.37,71.0,22.0,8.0,1.53,74.0,13.0,8.0,0.83,76.0,15.0,8.0,0.67,77.0,12.0,8.0,1.57,76.0,14.0,8.0,1.37,75.0,16.0,8.0,1.17,75.0,7.0,1.36,76.0,7.0,1.76,72.0,7.0,3.49,69.0,8.0,3.2,69.0,8.0,2.4
Azerbaijan,AZE,ECA,30,130,7,6.55,22.0,154.0,6.0,2.38,23.0,154.0,6.0,2.46,23.0,157.0,6.0,2.4,30.0,128.0,7.0,5.52,30.0,129.0,7.0,5.0,30.0,126.0,7.0,7.16,25.0,152.0,6.0,4.09,31.0,122.0,7.0,5.64,30.0,7.0,5.13,29.0,6.0,3.25,29.0,6.0,3.02,28.0,6.0,3.5,27.0,6.0,2.5
Bahamas,BHS,AME,64,29,3,6.56,65.0,28.0,3.0,6.24,64.0,30.0,3.0,5.47,64.0,30.0,3.0,5.32,64.0,30.0,3.0,5.63,63.0,30.0,3.0,5.8,64.0,29.0,3.0,5.83,65.0,29.0,3.0,5.39,65.0,28.0,3.0,5.39,66.0,3.0,5.2,,,,71.0,3.0,0.99,71.0,3.0,1.0,71.0,3.0,1.0
Bahrain,BHR,MENA,50,56,7,6.22,53.0,53.0,7.0,6.44,42.0,76.0,6.0,5.33,44.0,69.0,6.0,6.19,42.0,78.0,6.0,5.2,42.0,78.0,6.0,5.91,42.0,77.0,6.0,7.65,36.0,99.0,4.0,1.81,36.0,103.0,4.0,1.81,43.0,5.0,5.96,51.0,5.0,7.86,49.0,5.0,6.11,48.0,5.0,5.4,51.0,5.0,4.1
Bangladesh,BGD,AP,24,150,8,1.5,23.0,151.0,8.0,1.46,24.0,149.0,8.0,1.51,25.0,147.0,8.0,1.93,26.0,147.0,8.0,1.74,26.0,146.0,8.0,1.72,26.0,146.0,8.0,2.62,26.0,149.0,8.0,2.63,28.0,143.0,8.0,3.19,26.0,7.0,4.13,25.0,7.0,4.3,25.0,7.0,4.23,27.0,7.0,4.1,26.0,7.0,4.1
Barbados,BRB,AME,68,24,3,3.12,68.0,23.0,3.0,3.12,69.0,24.0,3.0,3.37,65.0,29.0,4.0,3.28,65.0,29.0,4.0,3.07,64.0,29.0,4.0,5.47,62.0,30.0,4.0,6.06,68.0,25.0,3.0,3.12,68.0,25.0,3.0,3.24,61.0,3.0,6.91,,,,74.0,3.0,8.09,75.0,3.0,7.1,76.0,3.0,6.7
Belarus,BLR,ECA,31,124,7,3.49,33.0,114.0,7.0,3.18,37.0,98.0,7.0,3.34,39.0,91.0,7.0,3.14,41.0,82.0,8.0,2.35,47.0,63.0,7.0,3.38,45.0,66.0,7.0,4.2,44.0,70.0,7.0,3.92,44.0,68.0,7.0,4.12,40.0,7.0,3.93,32.0,6.0,4.37,31.0,5.0,4.04,29.0,5.0,4.0,31.0,5.0,3.6
Belgium,BEL,WE/EU,69,21,8,1.41,69.0,22.0,8.0,1.66,73.0,16.0,8.0,2.13,73.0,18.0,8.0,1.52,73.0,18.0,8.0,1.44,76.0,15.0,7.0,1.05,75.0,17.0,7.0,1.09,75.0,17.0,8.0,1.09,75.0,16.0,8.0,1.63,77.0,7.0,1.55,77.0,7.0,1.34,76.0,7.0,2.26,75.0,7.0,2.3,75.0,7.0,2.4
Belize,BLZ,AME,36,104,3,1.92,,,,,,,,,,,,,,,,,,,,,,,,,,,,,,,,,,,,,,,,,,,,,,,
Benin,BEN,SSA,45,70,6,3.4,45.0,69.0,6.0,3.4,43.0,70.0,6.0,3.13,43.0,72.0,7.0,2.42,42.0,78.0,7.0,2.35,41.0,83.0,7.0,1.8,41.0,80.0,7.0,2.64,40.0,85.0,6.0,3.14,39.0,85.0,6.0,4.17,36.0,6.0,3.8,37.0,5.0,4.43,39.0,4.0,4.38,36.0,6.0,3.4,36.0,6.0,4.3
Bhutan,BTN,AP,71,18,4,2.06,72.0,18.0,4.0,1.64,68.0,26.0,4.0,2.18,68.0,25.0,4.0,2.18,68.0,25.0,4.0,2.24,68.0,24.0,4.0,2.39,68.0,25.0,4.0,2.76,68.0,25.0,4.0,2.86,67.0,26.0,5.0,1.83,65.0,5.0,2.12,65.0,4.0,2.14,65.0,4.0,1.81,63.0,4.0,2.6,63.0,3.0,3.6
Bolivia,BOL,AME,28,136,7,3.0,28.0,133.0,7.0,3.1,29.0,133.0,7.0,2.31,31.0,126.0,6.0,2.41,30.0,128.0,7.0,1.68,31.0,124.0,7.0,2.05,31.0,123.0,7.0,3.0,29.0,132.0,7.0,3.6,33.0,112.0,6.0,2.98,33.0,8.0,2.85,34.0,7.0,3.58,35.0,7.0,2.98,34.0,7.0,3.7,34.0,7.0,3.7
Bosnia and Herzegovina,BIH,ECA,34,109,7,2.6,33.0,114.0,7.0,2.04,35.0,108.0,6.0,1.95,34.0,110.0,7.0,2.18,35.0,110.0,7.0,1.8,35.0,111.0,7.0,1.87,36.0,101.0,7.0,1.95,38.0,89.0,7.0,1.86,38.0,91.0,7.0,2.56,39.0,7.0,1.7,38.0,6.0,1.71,39.0,6.0,1.15,42.0,7.0,2.9,42.0,7.0,2.3
Botswana,BWA,SSA,58,41,9,1.99,57.0,43.0,9.0,2.41,59.0,39.0,7.0,3.04,60.0,35.0,8.0,2.63,55.0,45.0,8.0,3.19,60.0,35.0,7.0,2.88,61.0,34.0,7.0,3.73,61.0,34.0,7.0,2.76,61.0,34.0,7.0,2.74,60.0,6.0,3.1,63.0,6.0,2.35,63.0,6.0,1.93,64.0,7.0,1.6,65.0,7.0,1.9
Brazil,BRA,AME,35,107,8,2.76,34.0,107.0,8.0,2.41,36.0,104.0,8.0,1.47,38.0,94.0,8.0,1.58,38.0,96.0,8.0,1.61,38.0,94.0,8.0,2.5,35.0,106.0,8.0,4.06,35.0,105.0,8.0,4.05,37.0,96.0,8.0,4.24,40.0,8.0,4.34,38.0,7.0,5.29,43.0,7.0,4.01,42.0,8.0,3.7,43.0,8.0,3.3
Brunei Darussalam,BRN,AP,63,31,3,5.63,,,,,,,,,,,,,,,,,60.0,35.0,3.0,5.59,60.0,35.0,3.0,6.12,63.0,31.0,3.0,6.62,62.0,32.0,3.0,8.72,58.0,3.0,8.85,,,,,,,60.0,3.0,10.4,55.0,3.0,9.1
Bulgaria,BGR,WE/EU,40,84,9,1.96,43.0,76.0,9.0,1.92,45.0,67.0,10.0,1.16,43.0,72.0,10.0,1.06,42.0,78.0,10.0,1.18,44.0,69.0,10.0,1.29,43.0,74.0,10.0,2.77,42.0,77.0,10.0,2.41,43.0,71.0,10.0,2.66,41.0,9.0,2.2,41.0,9.0,2.43,43.0,9.0,2.82,41.0,9.0,3.3,41.0,8.0,3.8
Burkina Faso,BFA,SSA,40,84,7,2.49,41.0,82.0,7.0,2.3,41.0,83.0,7.0,1.78,42.0,77.0,7.0,1.37,42.0,78.0,7.0,1.37,40.0,86.0,8.0,1.62,40.0,85.0,8.0,2.54,41.0,78.0,8.0,1.81,42.0,74.0,7.0,2.18,42.0,7.0,2.47,38.0,7.0,2.97,38.0,7.0,2.67,38.0,7.0,3.9,38.0,7.0,4.4
Burundi,BDI,SSA,17,167,5,3.39,17.0,165.0,5.0,3.37,20.0,162.0,5.0,1.8,17.0,171.0,5.0,2.33,19.0,169.0,6.0,3.27,19.0,165.0,6.0,3.74,19.0,165.0,6.0,4.89,17.0,170.0,5.0,2.65,22.0,157.0,6.0,3.29,20.0,6.0,1.53,21.0,5.0,2.94,20.0,5.0,3.65,21.0,5.0,2.6,19.0,5.0,2.8
Cabo Verde,CPV,SSA,62,35,5,4.23,62.0,35.0,5.0,3.86,64.0,30.0,3.0,3.05,60.0,35.0,4.0,4.81,58.0,39.0,4.0,2.97,58.0,41.0,4.0,3.72,58.0,41.0,4.0,4.3,57.0,45.0,4.0,4.22,55.0,48.0,4.0,4.19,59.0,3.0,5.72,55.0,4.0,6.16,57.0,4.0,5.94,58.0,4.0,4.8,60.0,4.0,3.8
Cambodia,KHM,AP,20,163,7,3.04,21.0,158.0,7.0,2.86,22.0,158.0,7.0,2.9,24.0,150.0,8.0,2.78,23.0,157.0,8.0,2.84,21.0,160.0,8.0,2.32,20.0,162.0,8.0,3.41,20.0,161.0,8.0,2.58,21.0,161.0,8.0,2.43,21.0,8.0,2.82,21.0,7.0,3.87,21.0,7.0,2.25,20.0,7.0,3.0,22.0,7.0,3.1
Cameroon,CMR,SSA,26,142,9,1.69,26.0,140.0,9.0,1.76,27.0,140.0,9.0,1.65,26.0,142.0,9.0,1.37,27.0,144.0,9.0,1.37,25.0,149.0,9.0,1.36,25.0,153.0,9.0,2.42,25.0,152.0,9.0,2.43,25.0,153.0,9.0,2.58,26.0,9.0,3.04,27.0,8.0,3.26,27.0,8.0,2.87,25.0,8.0,2.9,26.0,8.0,3.5
Canada,CAN,AME,75,16,8,1.96,75.0,15.0,8.0,1.95,76.0,12.0,8.0,1.73,74.0,14.0,8.0,2.12,74.0,13.0,8.0,2.3,77.0,11.0,8.0,1.77,77.0,12.0,8.0,2.8,81.0,9.0,8.0,2.16,82.0,8.0,8.0,1.49,82.0,7.0,2.03,83.0,7.0,1.63,81.0,7.0,2.45,81.0,7.0,2.4,84.0,7.0,2.2
Central African Republic,CAF,SSA,24,150,5,2.09,24.0,149.0,5.0,1.57,24.0,149.0,5.0,0.99,24.0,150.0,5.0,0.81,24.0,154.0,5.0,0.99,26.0,146.0,5.0,0.93,25.0,153.0,5.0,1.43,26.0,149.0,5.0,1.14,23.0,156.0,5.0,3.28,20.0,4.0,4.04,24.0,4.0,1.44,24.0,4.0,1.33,25.0,4.0,5.4,26.0,4.0,2.4
Chad,TCD,SSA,22,157,6,3.63,21.0,158.0,6.0,3.01,20.0,162.0,6.0,2.16,19.0,167.0,6.0,1.51,20.0,164.0,6.0,1.89,21.0,160.0,6.0,1.71,20.0,162.0,6.0,2.45,19.0,165.0,6.0,2.94,20.0,165.0,6.0,2.73,20.0,5.0,2.67,22.0,5.0,2.35,22.0,5.0,2.95,19.0,5.0,3.8,19.0,5.0,2.5
Chile,CHL,AME,63,31,8,2.33,63.0,32.0,8.0,2.3,66.0,29.0,9.0,1.54,67.0,27.0,9.0,1.34,67.0,27.0,9.0,1.33,67.0,25.0,9.0,1.23,67.0,26.0,9.0,2.55,67.0,27.0,9.0,1.88,67.0,26.0,9.0,2.03,66.0,8.0,2.65,70.0,8.0,2.15,73.0,8.0,1.74,71.0,9.0,1.8,72.0,9.0,2.1
China,CHN,AP,43,76,8,1.3,43.0,76.0,8.0,1.64,42.0,76.0,8.0,1.64,45.0,65.0,9.0,1.81,45.0,66.0,9.0,1.77,42.0,78.0,8.0,1.63,41.0,80.0,8.0,2.1,39.0,87.0,8.0,2.02,41.0,77.0,9.0,1.96,40.0,8.0,2.39,37.0,8.0,2.34,36.0,8.0,2.17,40.0,9.0,2.9,39.0,9.0,2.9
Colombia,COL,AME,37,99,8,2.22,39.0,92.0,8.0,2.59,40.0,87.0,8.0,1.42,39.0,91.0,8.0,1.38,39.0,87.0,8.0,1.45,39.0,92.0,8.0,1.59,37.0,96.0,8.0,2.49,36.0,99.0,8.0,2.51,37.0,96.0,8.0,2.77,37.0,8.0,2.27,37.0,7.0,1.94,37.0,7.0,1.68,36.0,7.0,2.0,36.0,7.0,2.6
Comoros,COM,SSA,20,163,4,8.21,21.0,158.0,4.0,8.21,20.0,162.0,4.0,5.51,19.0,167.0,4.0,5.48,20.0,164.0,4.0,5.83,21.0,160.0,4.0,5.75,25.0,153.0,4.0,8.9,27.0,144.0,4.0,9.0,27.0,148.0,4.0,8.87,24.0,3.0,12.81,26.0,3.0,8.76,26.0,3.0,8.75,28.0,3.0,7.5,28.0,3.0,7.5
Congo,COG,SSA,23,153,8,1.69,23.0,151.0,8.0,1.7,22.0,158.0,7.0,1.47,21.0,164.0,7.0,1.26,21.0,162.0,7.0,1.46,19.0,165.0,6.0,0.8,19.0,165.0,6.0,1.03,19.0,165.0,6.0,1.04,21.0,161.0,6.0,1.08,20.0,5.0,1.78,23.0,6.0,4.11,23.0,6.0,4.2,22.0,6.0,3.8,26.0,6.0,3.3
Costa Rica,CRI,AME,56,46,7,2.83,58.0,42.0,7.0,3.08,55.0,45.0,7.0,2.9,54.0,48.0,7.0,3.16,58.0,39.0,7.0,2.42,57.0,42.0,7.0,2.58,56.0,44.0,7.0,3.97,56.0,48.0,7.0,3.65,59.0,38.0,7.0,2.98,58.0,7.0,3.17,55.0,6.0,2.71,54.0,5.0,4.07,53.0,5.0,4.1,54.0,5.0,7.0
Cote d'Ivoire,CIV,SSA,43,76,9,2.78,45.0,69.0,9.0,2.48,40.0,87.0,9.0,1.89,37.0,99.0,9.0,1.97,36.0,105.0,9.0,1.4,36.0,104.0,9.0,1.46,35.0,106.0,9.0,2.49,35.0,105.0,9.0,2.05,36.0,103.0,8.0,2.03,34.0,8.0,2.03,32.0,8.0,2.65,32.0,8.0,4.2,27.0,8.0,2.3,29.0,8.0,2.4
Croatia,HRV,WE/EU,47,63,9,1.83,47.0,63.0,9.0,1.87,50.0,57.0,9.0,1.25,50.0,57.0,9.0,0.93,47.0,63.0,10.0,1.56,47.0,63.0,10.0,1.48,47.0,63.0,10.0,2.42,48.0,60.0,10.0,2.77,49.0,57.0,10.0,2.64,49.0,9.0,2.39,51.0,9.0,2.02,48.0,9.0,3.25,48.0,9.0,3.3,46.0,8.0,3.1
Cuba,CUB,AME,40,84,5,2.62,41.0,82.0,5.0,3.09,42.0,76.0,5.0,3.46,45.0,65.0,5.0,2.87,46.0,64.0,5.0,3.07,47.0,63.0,5.0,2.81,48.0,60.0,5.0,1.87,47.0,61.0,5.0,2.56,47.0,62.0,5.0,2.36,47.0,5.0,2.9,47.0,4.0,3.64,46.0,4.0,4.46,46.0,4.0,4.5,48.0,4.0,4.1
Cyprus,CYP,WE/EU,55,49,6,2.24,56.0,46.0,7.0,2.48,53.0,49.0,8.0,2.21,52.0,51.0,8.0,2.46,53.0,52.0,8.0,2.59,57.0,42.0,7.0,3.19,58.0,41.0,7.0,3.41,59.0,38.0,7.0,3.54,57.0,42.0,7.0,3.78,55.0,5.0,5.94,61.0,5.0,4.17,63.0,5.0,3.92,63.0,5.0,3.9,66.0,4.0,2.4
Czechia,CZE,WE/EU,59,39,10,0.87,56.0,46.0,10.0,1.39,57.0,41.0,10.0,1.26,56.0,41.0,10.0,1.08,54.0,49.0,10.0,1.28,54.0,49.0,10.0,1.1,56.0,44.0,10.0,1.87,59.0,38.0,10.0,2.28,57.0,42.0,10.0,1.98,55.0,9.0,2.24,56.0,9.0,2.21,51.0,9.0,2.94,48.0,10.0,3.0,49.0,10.0,2.9
Democratic Republic of the Congo,COD,SSA,20,163,9,1.21,20.0,163.0,8.0,1.63,20.0,162.0,9.0,1.08,20.0,166.0,9.0,0.99,19.0,169.0,9.0,1.0,18.0,170.0,9.0,0.75,18.0,168.0,9.0,1.43,20.0,161.0,8.0,2.13,21.0,161.0,8.0,1.96,21.0,7.0,2.13,22.0,6.0,3.35,22.0,5.0,4.19,22.0,5.0,4.2,21.0,5.0,3.3
Denmark,DNK,WE/EU,89,1,8,1.88,90.0,1.0,8.0,1.98,90.0,1.0,8.0,1.82,90.0,1.0,8.0,1.71,88.0,1.0,8.0,1.85,88.0,1.0,8.0,1.78,87.0,1.0,8.0,2.54,88.0,1.0,8.0,2.63,88.0,2.0,8.0,2.75,90.0,7.0,2.46,91.0,7.0,2.16,92.0,7.0,2.04,91.0,7.0,2.2,90.0,7.0,2.0
Djibouti,DJI,SSA,31,124,5,1.95,31.0,127.0,5.0,1.98,30.0,130.0,5.0,1.71,30.0,130.0,5.0,1.74,30.0,128.0,5.0,1.68,27.0,142.0,5.0,1.53,30.0,126.0,5.0,4.28,31.0,124.0,4.0,5.38,31.0,122.0,4.0,5.32,30.0,3.0,8.23,34.0,3.0,9.07,34.0,3.0,9.1,36.0,3.0,8.6,36.0,3.0,8.6
Dominica,DMA,AME,60,37,3,1.75,60.0,36.0,3.0,1.74,56.0,42.0,3.0,1.91,55.0,45.0,3.0,1.9,55.0,45.0,3.0,1.98,55.0,48.0,3.0,1.98,55.0,48.0,3.0,2.16,57.0,45.0,3.0,2.55,57.0,42.0,3.0,2.55,59.0,3.0,0.85,,,,58.0,3.0,2.34,58.0,3.0,2.3,58.0,3.0,2.3
Dominican Republic,DOM,AME,37,99,7,2.93,36.0,104.0,7.0,2.33,35.0,108.0,7.0,1.62,32.0,123.0,7.0,1.31,30.0,128.0,7.0,1.16,28.0,137.0,7.0,1.91,28.0,137.0,7.0,2.7,30.0,129.0,7.0,2.57,29.0,135.0,7.0,2.56,31.0,6.0,1.89,33.0,6.0,2.63,32.0,6.0,3.3,29.0,6.0,3.5,32.0,6.0,2.7
Ecuador,ECU,AME,33,116,7,1.87,32.0,121.0,7.0,2.34,34.0,115.0,7.0,1.48,36.0,101.0,7.0,1.07,36.0,105.0,7.0,1.58,39.0,92.0,7.0,1.73,38.0,93.0,7.0,2.19,34.0,114.0,7.0,3.46,32.0,117.0,7.0,2.66,31.0,6.0,1.96,32.0,6.0,2.86,33.0,5.0,3.56,35.0,6.0,3.6,32.0,6.0,2.9
Egypt,EGY,MENA,30,130,8,3.27,30.0,130.0,8.0,3.62,35.0,108.0,7.0,3.75,30.0,130.0,6.0,1.78,33.0,117.0,7.0,4.09,33.0,117.0,7.0,3.68,35.0,106.0,7.0,4.86,35.0,105.0,7.0,4.59,32.0,117.0,7.0,4.04,34.0,6.0,2.72,36.0,6.0,2.47,37.0,6.0,2.91,32.0,7.0,3.1,32.0,7.0,3.1
El Salvador,SLV,AME,32,120,7,1.48,30.0,130.0,7.0,1.01,31.0,126.0,7.0,1.26,33.0,116.0,7.0,1.91,34.0,115.0,7.0,1.59,36.0,104.0,7.0,1.38,34.0,113.0,7.0,2.56,35.0,105.0,7.0,2.59,33.0,112.0,7.0,3.25,36.0,7.0,2.76,39.0,6.0,2.26,39.0,6.0,1.98,38.0,6.0,2.0,38.0,6.0,2.8
Equatorial Guinea,GNQ,SSA,15,172,5,2.46,13.0,173.0,5.0,2.54,17.0,172.0,4.0,2.57,17.0,171.0,4.0,2.55,17.0,172.0,4.0,2.55,16.0,174.0,4.0,2.6,16.0,173.0,4.0,3.0,16.0,172.0,3.0,2.82,17.0,171.0,3.0,3.56,,,,,,,,,,19.0,3.0,2.2,20.0,3.0,1.3
Eritrea,ERI,SSA,13,177,5,5.35,13.0,173.0,5.0,5.51,21.0,161.0,5.0,4.73,22.0,162.0,5.0,4.78,22.0,161.0,5.0,4.99,21.0,160.0,5.0,4.58,23.0,160.0,5.0,6.66,24.0,157.0,5.0,8.24,20.0,165.0,5.0,5.74,18.0,5.0,6.24,18.0,4.0,8.15,18.0,4.0,7.91,20.0,4.0,11.0,25.0,4.0,9.2
Estonia,EST,WE/EU,76,12,10,1.07,76.0,13.0,10.0,1.09,76.0,12.0,10.0,1.06,74.0,14.0,10.0,1.01,74.0,13.0,10.0,0.92,75.0,17.0,10.0,0.87,74.0,18.0,10.0,1.21,73.0,18.0,10.0,1.44,71.0,21.0,10.0,2.21,70.0,10.0,2.16,70.0,9.0,2.79,69.0,9.0,2.89,68.0,9.0,2.7,64.0,8.0,3.0
Eswatini,SWZ,SSA,23,153,5,4.66,27.0,135.0,4.0,3.5,30.0,130.0,3.0,5.9,30.0,130.0,3.0,5.9,32.0,122.0,3.0,7.12,33.0,117.0,4.0,4.93,34.0,113.0,4.0,6.08,38.0,89.0,3.0,4.48,39.0,85.0,3.0,5.81,,,,,,,43.0,3.0,2.98,39.0,4.0,1.8,37.0,4.0,2.1
Ethiopia,ETH,SSA,38,96,8,1.36,37.0,99.0,8.0,1.38,37.0,98.0,8.0,1.2,38.0,94.0,8.0,1.31,39.0,87.0,8.0,1.21,38.0,94.0,9.0,1.0,37.0,96.0,9.0,1.52,34.0,114.0,8.0,1.52,35.0,107.0,9.0,1.36,34.0,9.0,1.37,33.0,8.0,2.73,33.0,8.0,2.54,33.0,8.0,2.5,33.0,8.0,1.6
Fiji,FJI,AP,55,49,3,2.02,55.0,50.0,3.0,2.03,52.0,53.0,3.0,4.15,53.0,49.0,3.0,4.32,55.0,45.0,3.0,5.16,,,,,,,,,,,,,,,,,,,,,,,,,,,,,,,
Finland,FIN,WE/EU,88,2,8,1.81,88.0,2.0,8.0,1.83,87.0,2.0,8.0,1.06,87.0,2.0,8.0,1.19,88.0,1.0,8.0,1.25,85.0,3.0,8.0,1.75,86.0,3.0,8.0,2.92,85.0,3.0,8.0,2.74,85.0,3.0,8.0,2.84,89.0,7.0,1.46,90.0,7.0,1.77,89.0,7.0,2.05,89.0,7.0,1.7,90.0,7.0,3.0
France,FRA,WE/EU,66,27,8,1.83,67.0,25.0,8.0,1.61,71.0,20.0,8.0,0.43,72.0,21.0,8.0,0.64,71.0,22.0,8.0,1.3,69.0,23.0,8.0,1.4,69.0,23.0,8.0,2.28,72.0,21.0,8.0,1.17,70.0,23.0,8.0,1.36,69.0,7.0,2.97,70.0,7.0,2.49,69.0,7.0,2.17,71.0,8.0,2.4,71.0,8.0,2.4
Gabon,GAB,SSA,29,135,8,1.3,27.0,135.0,8.0,1.38,28.0,136.0,6.0,2.32,29.0,136.0,6.0,2.07,31.0,124.0,5.0,2.4,30.0,129.0,6.0,2.35,31.0,123.0,6.0,2.41,31.0,124.0,4.0,3.92,32.0,117.0,4.0,3.22,35.0,4.0,0.97,34.0,4.0,1.65,37.0,4.0,4.19,34.0,5.0,1.5,35.0,5.0,2.1
Gambia,GMB,SSA,37,99,8,2.5,38.0,96.0,7.0,3.19,37.0,98.0,7.0,3.34,34.0,110.0,7.0,3.76,37.0,102.0,8.0,3.38,37.0,102.0,8.0,3.19,37.0,96.0,7.0,5.98,37.0,93.0,6.0,9.44,30.0,130.0,6.0,6.22,26.0,5.0,7.2,28.0,5.0,6.67,29.0,5.0,7.55,28.0,5.0,6.7,34.0,5.0,7.0
Georgia,GEO,ECA,50,56,6,4.31,53.0,53.0,6.0,4.06,53.0,49.0,6.0,3.99,56.0,41.0,6.0,3.03,55.0,45.0,6.0,2.84,56.0,45.0,5.0,3.15,56.0,44.0,5.0,3.84,58.0,41.0,6.0,3.92,56.0,46.0,6.0,3.1,57.0,6.0,3.61,52.0,5.0,6.53,52.0,6.0,6.47,49.0,6.0,6.9,52.0,6.0,6.0
Germany,DEU,WE/EU,77,10,8,1.85,75.0,15.0,8.0,1.36,78.0,9.0,8.0,2.14,79.0,9.0,8.0,2.17,80.0,10.0,8.0,1.76,80.0,9.0,8.0,2.0,80.0,9.0,8.0,3.31,80.0,11.0,8.0,2.49,81.0,12.0,8.0,1.87,81.0,7.0,2.73,81.0,7.0,2.5,79.0,7.0,2.58,78.0,8.0,2.4,79.0,8.0,2.3
Ghana,GHA,SSA,43,76,10,1.54,42.0,80.0,10.0,1.69,43.0,70.0,9.0,1.47,43.0,72.0,9.0,1.43,43.0,73.0,9.0,1.53,43.0,75.0,9.0,1.52,41.0,80.0,9.0,2.76,41.0,78.0,9.0,2.54,40.0,81.0,9.0,2.56,43.0,9.0,2.89,47.0,8.0,2.82,48.0,8.0,3.01,46.0,9.0,3.3,45.0,9.0,3.8
Greece,GRC,WE/EU,50,56,8,1.65,49.0,59.0,8.0,1.94,49.0,59.0,8.0,2.21,52.0,51.0,8.0,2.14,49.0,58.0,8.0,1.63,50.0,59.0,8.0,1.81,48.0,60.0,8.0,2.57,45.0,67.0,8.0,2.51,48.0,59.0,8.0,2.98,44.0,7.0,2.5,46.0,7.0,5.08,43.0,7.0,5.56,40.0,7.0,4.5,36.0,7.0,3.6
Grenada,GRD,AME,56,46,3,4.88,56.0,46.0,3.0,4.95,53.0,49.0,3.0,3.74,52.0,51.0,3.0,3.23,53.0,52.0,3.0,3.99,53.0,52.0,3.0,3.48,53.0,51.0,3.0,4.37,52.0,53.0,3.0,3.0,52.0,52.0,3.0,3.0,56.0,3.0,4.63,,,,,,,,,,,,
Guatemala,GTM,AME,26,142,7,1.13,25.0,146.0,7.0,1.5,23.0,154.0,7.0,1.36,24.0,150.0,7.0,1.13,25.0,150.0,7.0,1.17,25.0,149.0,7.0,1.38,26.0,146.0,7.0,2.23,27.0,144.0,7.0,2.56,28.0,143.0,7.0,2.19,28.0,6.0,2.58,28.0,6.0,3.46,32.0,6.0,2.96,29.0,6.0,2.6,33.0,6.0,2.7
Guinea,GIN,SSA,26,142,7,1.6,28.0,133.0,7.0,1.13,26.0,141.0,7.0,1.69,25.0,147.0,7.0,1.6,25.0,150.0,8.0,1.27,28.0,137.0,8.0,1.88,29.0,130.0,8.0,2.5,28.0,138.0,6.0,2.67,27.0,148.0,7.0,2.37,27.0,5.0,2.54,25.0,6.0,3.16,25.0,7.0,3.21,24.0,7.0,3.6,24.0,7.0,2.7
Guinea Bissau,GNB,SSA,21,161,6,4.3,21.0,158.0,6.0,4.3,22.0,158.0,6.0,2.93,21.0,164.0,6.0,2.67,21.0,162.0,6.0,2.69,19.0,165.0,6.0,2.71,18.0,168.0,6.0,2.91,16.0,172.0,5.0,1.97,17.0,171.0,5.0,1.7,16.0,4.0,2.09,17.0,4.0,2.63,19.0,4.0,2.37,19.0,4.0,2.4,25.0,4.0,2.1
Guyana,GUY,AME,40,84,5,1.8,39.0,92.0,5.0,1.58,40.0,87.0,5.0,2.31,40.0,85.0,5.0,2.18,39.0,87.0,5.0,2.13,41.0,83.0,5.0,3.54,40.0,85.0,5.0,3.34,37.0,93.0,5.0,0.77,38.0,91.0,5.0,1.84,34.0,6.0,3.57,29.0,4.0,3.01,30.0,4.0,3.03,27.0,4.0,2.9,28.0,4.0,2.1
Haiti,HTI,AME,16,169,6,2.17,16.0,168.0,6.0,2.13,17.0,172.0,6.0,1.32,17.0,171.0,6.0,1.34,20.0,164.0,6.0,0.74,18.0,170.0,6.0,2.47,18.0,168.0,6.0,3.23,20.0,161.0,6.0,2.47,22.0,157.0,6.0,2.05,20.0,5.0,1.81,17.0,5.0,2.74,19.0,5.0,2.86,19.0,5.0,3.1,19.0,5.0,2.8
Honduras,HND,AME,22,157,8,0.87,22.0,154.0,8.0,1.02,23.0,154.0,8.0,0.53,23.0,157.0,8.0,0.5,23.0,157.0,8.0,0.85,24.0,157.0,7.0,1.52,26.0,146.0,7.0,3.25,29.0,132.0,8.0,2.42,29.0,135.0,8.0,2.32,30.0,7.0,3.05,31.0,7.0,4.12,29.0,6.0,3.49,26.0,6.0,2.5,28.0,6.0,2.4
Hong Kong,HKG,AP,76,12,8,2.42,74.0,17.0,7.0,2.62,75.0,14.0,8.0,2.18,76.0,12.0,8.0,1.61,76.0,12.0,8.0,1.85,77.0,11.0,8.0,1.79,76.0,16.0,8.0,3.15,76.0,14.0,8.0,2.47,77.0,13.0,7.0,2.37,77.0,7.0,2.62,75.0,7.0,2.48,74.0,7.0,2.75,75.0,8.0,2.4,77.0,8.0,1.9
Hungary,HUN,WE/EU,40,84,10,0.87,41.0,82.0,10.0,0.89,42.0,76.0,10.0,1.3,42.0,77.0,10.0,1.46,43.0,73.0,10.0,1.3,44.0,69.0,10.0,1.27,44.0,70.0,10.0,2.58,46.0,64.0,10.0,2.79,45.0,66.0,10.0,2.89,48.0,9.0,2.89,51.0,9.0,3.73,54.0,9.0,3.45,54.0,10.0,3.6,55.0,10.0,3.5
Iceland,ISL,WE/EU,77,10,5,3.96,77.0,10.0,6.0,2.6,72.0,19.0,7.0,3.54,74.0,14.0,7.0,3.83,74.0,13.0,7.0,3.7,75.0,17.0,7.0,3.86,78.0,11.0,7.0,4.63,76.0,14.0,7.0,4.33,77.0,13.0,7.0,4.38,78.0,6.0,3.81,79.0,5.0,4.53,79.0,6.0,3.16,78.0,6.0,2.8,82.0,6.0,4.1
India,IND,AP,39,91,9,1.45,38.0,96.0,9.0,1.32,39.0,93.0,9.0,1.26,40.0,85.0,9.0,1.18,40.0,85.0,9.0,1.17,40.0,86.0,9.0,1.14,41.0,80.0,9.0,1.6,41.0,78.0,9.0,2.42,40.0,81.0,9.0,2.16,40.0,8.0,2.47,38.0,8.0,3.14,38.0,9.0,2.27,36.0,10.0,2.2,36.0,10.0,2.1
Indonesia,IDN,AP,34,109,9,2.34,37.0,99.0,9.0,2.16,34.0,115.0,8.0,1.8,34.0,110.0,8.0,1.78,38.0,96.0,9.0,2.14,37.0,102.0,9.0,1.71,40.0,85.0,9.0,3.76,38.0,89.0,9.0,3.35,37.0,96.0,9.0,3.12,37.0,8.0,2.39,36.0,8.0,3.39,34.0,8.0,3.57,32.0,9.0,3.5,32.0,9.0,2.9
Iran,IRN,MENA,23,153,7,2.02,23.0,151.0,7.0,2.22,24.0,149.0,6.0,2.63,25.0,147.0,7.0,2.32,25.0,150.0,7.0,2.29,25.0,149.0,7.0,2.56,26.0,146.0,7.0,3.63,28.0,138.0,7.0,2.89,30.0,130.0,7.0,3.51,29.0,7.0,2.47,27.0,6.0,3.28,27.0,6.0,4.72,25.0,6.0,3.9,28.0,6.0,4.6
Iraq,IRQ,MENA,28,136,6,5.21,26.0,140.0,6.0,4.44,23.0,154.0,5.0,4.14,23.0,157.0,5.0,3.98,23.0,157.0,5.0,4.02,21.0,160.0,5.0,2.52,20.0,162.0,5.0,2.98,18.0,168.0,5.0,2.63,18.0,169.0,5.0,2.47,17.0,5.0,1.87,16.0,4.0,2.5,16.0,4.0,2.37,16.0,4.0,2.4,18.0,4.0,2.3
Ireland,IRL,WE/EU,76,12,8,1.28,77.0,10.0,8.0,1.55,77.0,11.0,8.0,1.17,77.0,10.0,8.0,0.79,74.0,13.0,8.0,0.68,72.0,20.0,7.0,2.15,74.0,18.0,7.0,3.61,73.0,18.0,7.0,3.25,74.0,19.0,7.0,3.68,73.0,6.0,4.31,75.0,6.0,4.92,74.0,6.0,4.75,72.0,6.0,4.2,69.0,6.0,3.5
Israel,ISR,MENA,62,35,5,2.6,64.0,30.0,7.0,2.9,62.0,33.0,6.0,2.45,63.0,31.0,7.0,2.05,59.0,36.0,7.0,2.05,60.0,35.0,7.0,1.34,60.0,35.0,7.0,1.99,61.0,34.0,7.0,1.49,62.0,32.0,7.0,2.19,64.0,6.0,2.27,61.0,6.0,2.78,60.0,6.0,2.34,61.0,6.0,1.6,60.0,5.0,2.9
Italy,ITA,WE/EU,53,52,8,1.75,54.0,52.0,8.0,1.67,56.0,42.0,8.0,1.66,56.0,41.0,8.0,1.71,56.0,42.0,8.0,1.46,53.0,52.0,8.0,2.11,53.0,51.0,8.0,3.22,52.0,53.0,8.0,3.29,50.0,54.0,8.0,3.72,47.0,7.0,3.34,44.0,7.0,2.5,43.0,7.0,2.26,43.0,7.0,2.5,42.0,7.0,2.4
Jamaica,JAM,AME,44,73,6,3.61,44.0,73.0,7.0,2.78,44.0,69.0,7.0,3.06,44.0,69.0,6.0,3.66,44.0,70.0,6.0,3.66,44.0,69.0,7.0,3.34,43.0,74.0,7.0,3.58,44.0,70.0,7.0,3.37,44.0,68.0,7.0,3.96,39.0,6.0,1.84,41.0,6.0,1.68,38.0,6.0,1.8,38.0,6.0,1.8,38.0,6.0,2.2
Japan,JPN,AP,71,18,9,2.49,71.0,20.0,9.0,2.58,73.0,16.0,9.0,1.75,73.0,18.0,9.0,1.86,73.0,18.0,9.0,2.1,74.0,19.0,9.0,2.02,73.0,20.0,9.0,3.51,73.0,18.0,9.0,2.85,73.0,20.0,9.0,2.66,72.0,8.0,3.02,75.0,8.0,2.96,76.0,8.0,3.16,74.0,9.0,2.4,74.0,9.0,2.3
Jordan,JOR,MENA,50,56,8,3.24,49.0,59.0,8.0,3.48,46.0,63.0,7.0,2.87,47.0,61.0,8.0,2.38,49.0,58.0,8.0,2.65,49.0,60.0,8.0,2.2,48.0,60.0,8.0,3.29,49.0,58.0,8.0,3.21,48.0,59.0,8.0,2.99,48.0,8.0,3.03,53.0,7.0,3.0,49.0,7.0,2.87,45.0,7.0,2.4,48.0,7.0,3.1
Kazakhstan,KAZ,ECA,38,96,9,3.53,40.0,88.0,9.0,3.11,39.0,93.0,9.0,3.2,36.0,101.0,9.0,3.29,37.0,102.0,9.0,3.33,38.0,94.0,9.0,3.12,34.0,113.0,9.0,4.18,31.0,124.0,9.0,3.6,31.0,122.0,9.0,3.59,29.0,9.0,3.35,28.0,8.0,4.9,29.0,8.0,4.4,26.0,8.0,3.3,28.0,8.0,4.1
Kenya,KEN,SSA,30,130,10,1.73,32.0,121.0,9.0,2.08,31.0,126.0,9.0,1.54,32.0,123.0,9.0,1.5,30.0,128.0,9.0,1.32,31.0,124.0,9.0,1.49,28.0,137.0,9.0,2.17,27.0,144.0,9.0,1.82,28.0,143.0,9.0,1.94,26.0,9.0,1.72,25.0,8.0,3.02,25.0,8.0,2.98,27.0,8.0,2.7,27.0,8.0,2.2
"Korea, North",PRK,AP,15,172,4,4.13,15.0,170.0,4.0,4.12,17.0,172.0,4.0,3.78,17.0,171.0,4.0,3.78,16.0,174.0,4.0,2.57,18.0,170.0,4.0,3.46,17.0,172.0,4.0,3.16,14.0,176.0,4.0,1.39,17.0,171.0,4.0,4.18,12.0,3.0,1.39,8.0,3.0,3.38,8.0,3.0,3.35,8.0,3.0,3.4,8.0,3.0,3.4
"Korea, South",KOR,AP,63,31,9,1.52,64.0,30.0,9.0,1.0,63.0,32.0,10.0,1.25,63.0,31.0,10.0,1.03,62.0,32.0,10.0,1.13,61.0,33.0,10.0,1.11,59.0,39.0,10.0,2.44,57.0,45.0,10.0,2.74,54.0,51.0,10.0,2.24,53.0,9.0,2.33,54.0,9.0,2.29,55.0,9.0,2.64,55.0,10.0,2.4,56.0,10.0,2.4
Kosovo,KSV,ECA,43,76,7,2.23,44.0,73.0,6.0,2.47,41.0,83.0,6.0,2.36,41.0,84.0,6.0,2.58,39.0,87.0,6.0,2.31,36.0,104.0,6.0,0.68,36.0,101.0,5.0,0.81,37.0,93.0,5.0,1.49,39.0,85.0,5.0,2.13,36.0,5.0,3.17,33.0,3.0,2.19,33.0,3.0,2.33,33.0,3.0,2.3,34.0,3.0,1.5
Kuwait,KWT,MENA,46,65,8,2.09,46.0,65.0,8.0,1.65,46.0,63.0,8.0,1.66,42.0,77.0,6.0,1.74,43.0,73.0,6.0,2.0,42.0,78.0,6.0,1.88,40.0,85.0,6.0,1.88,41.0,78.0,6.0,3.47,39.0,85.0,6.0,2.47,41.0,5.0,2.67,49.0,5.0,4.51,44.0,5.0,5.24,43.0,5.0,3.9,44.0,5.0,3.9
Kyrgyzstan,KGZ,ECA,26,142,7,2.09,25.0,146.0,7.0,1.61,26.0,141.0,7.0,1.69,27.0,140.0,7.0,1.32,27.0,144.0,7.0,1.16,31.0,124.0,7.0,1.28,30.0,126.0,7.0,2.54,29.0,132.0,7.0,2.37,29.0,135.0,7.0,2.59,28.0,7.0,2.08,28.0,6.0,2.29,27.0,6.0,2.35,24.0,6.0,2.3,24.0,6.0,1.8
Laos,LAO,AP,34,109,5,5.12,33.0,114.0,5.0,5.06,28.0,136.0,4.0,2.44,31.0,126.0,5.0,3.7,30.0,128.0,5.0,3.21,29.0,134.0,5.0,3.95,29.0,130.0,5.0,5.0,29.0,132.0,5.0,5.7,29.0,135.0,5.0,5.89,30.0,4.0,6.19,25.0,4.0,5.31,25.0,4.0,3.8,26.0,4.0,5.0,21.0,3.0,1.3
Latvia,LVA,WE/EU,60,37,10,2.11,59.0,38.0,10.0,2.09,60.0,36.0,9.0,1.76,59.0,39.0,10.0,1.36,59.0,36.0,10.0,1.32,57.0,42.0,9.0,1.92,56.0,44.0,9.0,3.53,58.0,41.0,9.0,2.95,58.0,40.0,9.0,3.21,57.0,9.0,2.96,56.0,8.0,2.76,55.0,8.0,3.35,53.0,8.0,3.6,49.0,6.0,4.0
Lebanon,LBN,MENA,23,153,6,1.69,22.0,154.0,6.0,1.08,24.0,149.0,6.0,1.12,24.0,150.0,7.0,0.82,24.0,154.0,7.0,0.77,25.0,149.0,7.0,1.15,28.0,137.0,7.0,2.27,28.0,138.0,7.0,2.28,28.0,143.0,7.0,2.11,28.0,7.0,2.5,28.0,6.0,3.22,27.0,6.0,3.37,28.0,6.0,3.3,30.0,6.0,2.3
Lesotho,LSO,SSA,37,99,6,4.31,37.0,99.0,6.0,4.13,39.0,93.0,5.0,4.65,37.0,99.0,6.0,3.87,38.0,96.0,6.0,4.0,41.0,83.0,6.0,3.24,40.0,85.0,6.0,3.95,41.0,78.0,6.0,3.67,42.0,74.0,6.0,4.08,39.0,5.0,6.15,44.0,5.0,4.99,49.0,5.0,3.55,49.0,5.0,3.6,45.0,5.0,4.6
Liberia,LBR,SSA,28,136,8,2.16,27.0,135.0,8.0,2.01,25.0,145.0,7.0,1.64,26.0,142.0,7.0,1.72,29.0,136.0,8.0,1.7,28.0,137.0,7.0,2.01,28.0,137.0,7.0,2.67,32.0,120.0,8.0,3.31,31.0,122.0,8.0,3.24,37.0,7.0,3.43,37.0,7.0,4.22,37.0,6.0,3.09,38.0,7.0,3.3,41.0,7.0,3.9
Libya,LBY,MENA,13,177,6,2.64,13.0,173.0,6.0,2.63,18.0,170.0,5.0,1.83,17.0,171.0,5.0,1.59,17.0,172.0,5.0,1.72,17.0,173.0,5.0,1.72,18.0,168.0,5.0,2.24,17.0,170.0,5.0,2.57,17.0,171.0,5.0,3.05,14.0,4.0,2.0,16.0,5.0,3.18,18.0,5.0,2.81,15.0,6.0,3.3,21.0,6.0,4.0
Lithuania,LTU,WE/EU,65,28,10,1.61,63.0,32.0,9.0,1.66,61.0,34.0,10.0,1.25,62.0,33.0,10.0,1.14,61.0,34.0,10.0,1.18,60.0,35.0,9.0,1.34,60.0,35.0,9.0,2.32,59.0,38.0,9.0,2.3,59.0,38.0,9.0,2.21,59.0,9.0,1.36,59.0,8.0,1.92,58.0,8.0,3.85,57.0,8.0,3.8,54.0,7.0,5.3
Luxembourg,LUX,WE/EU,78,8,7,2.19,81.0,5.0,7.0,2.0,78.0,9.0,8.0,1.06,77.0,10.0,8.0,1.08,81.0,9.0,8.0,0.96,80.0,9.0,7.0,1.5,80.0,9.0,7.0,1.95,81.0,9.0,7.0,2.32,82.0,8.0,6.0,2.08,81.0,6.0,1.96,85.0,5.0,1.6,82.0,6.0,2.78,80.0,6.0,2.9,80.0,6.0,2.8
Madagascar,MDG,SSA,25,148,7,1.45,26.0,140.0,7.0,1.38,25.0,145.0,7.0,1.53,26.0,142.0,7.0,1.67,26.0,147.0,7.0,1.69,25.0,149.0,8.0,1.51,24.0,158.0,8.0,2.48,25.0,152.0,7.0,2.64,24.0,155.0,8.0,2.72,26.0,7.0,2.88,28.0,7.0,2.99,28.0,8.0,3.38,28.0,8.0,1.9,32.0,8.0,3.2
Malawi,MWI,SSA,34,109,9,1.54,34.0,107.0,9.0,1.42,34.0,115.0,9.0,1.42,34.0,110.0,9.0,1.71,35.0,110.0,9.0,1.69,30.0,129.0,9.0,1.16,31.0,123.0,9.0,1.78,32.0,120.0,9.0,2.61,31.0,122.0,9.0,1.85,31.0,9.0,2.11,31.0,8.0,2.41,33.0,8.0,3.03,37.0,8.0,1.7,37.0,8.0,1.5
Malaysia,MYS,AP,52,54,9,1.29,50.0,57.0,9.0,1.1,50.0,57.0,9.0,0.97,47.0,61.0,9.0,1.37,48.0,62.0,9.0,1.32,51.0,57.0,9.0,1.62,53.0,51.0,9.0,2.29,47.0,61.0,9.0,2.86,47.0,62.0,9.0,2.67,49.0,8.0,2.46,50.0,8.0,3.0,52.0,8.0,2.88,50.0,9.0,3.4,49.0,9.0,3.4
Maldives,MDV,AP,39,91,3,3.73,38.0,96.0,3.0,2.85,39.0,93.0,3.0,4.17,40.0,85.0,3.0,4.83,40.0,85.0,3.0,4.39,43.0,75.0,3.0,7.69,29.0,130.0,3.0,2.57,31.0,124.0,3.0,2.24,33.0,112.0,3.0,1.71,36.0,3.0,5.66,,,,,,,,,,,,
Mali,MLI,SSA,28,136,8,2.15,27.0,135.0,8.0,2.31,28.0,136.0,8.0,1.49,28.0,137.0,8.0,1.63,29.0,136.0,8.0,1.46,30.0,129.0,8.0,1.5,29.0,130.0,8.0,2.62,32.0,120.0,7.0,1.38,31.0,122.0,7.0,2.08,32.0,6.0,1.75,35.0,6.0,1.89,32.0,6.0,3.37,28.0,6.0,3.3,34.0,6.0,4.0
Malta,MLT,WE/EU,49,60,6,3.25,46.0,65.0,6.0,3.43,51.0,55.0,7.0,2.42,51.0,54.0,7.0,2.52,54.0,49.0,7.0,1.73,53.0,52.0,6.0,1.42,54.0,50.0,6.0,1.55,54.0,51.0,5.0,1.39,56.0,46.0,5.0,1.18,55.0,5.0,1.39,60.0,4.0,1.32,55.0,5.0,2.63,56.0,5.0,2.4,57.0,4.0,2.4
Mauritania,MRT,SSA,30,130,6,2.36,30.0,130.0,6.0,2.29,30.0,130.0,6.0,1.65,30.0,130.0,6.0,1.68,28.0,140.0,7.0,1.85,29.0,134.0,6.0,1.6,28.0,137.0,6.0,2.73,27.0,144.0,6.0,2.95,28.0,143.0,6.0,2.41,27.0,5.0,3.62,31.0,5.0,5.07,30.0,5.0,4.23,30.0,5.0,4.1,31.0,5.0,3.5
Mauritius,MUS,SSA,48,61,7,1.51,51.0,56.0,7.0,2.53,51.0,55.0,6.0,2.04,50.0,57.0,6.0,1.78,54.0,49.0,6.0,1.6,53.0,52.0,6.0,1.54,52.0,56.0,6.0,3.12,51.0,56.0,5.0,3.83,50.0,54.0,5.0,4.41,54.0,4.0,2.14,53.0,4.0,1.49,54.0,4.0,2.39,52.0,5.0,1.1,57.0,5.0,3.5
Mexico,MEX,AME,27,141,8,1.49,26.0,140.0,8.0,1.66,31.0,126.0,9.0,1.56,31.0,126.0,9.0,1.62,31.0,124.0,9.0,1.43,31.0,124.0,9.0,1.38,29.0,130.0,9.0,1.73,28.0,138.0,9.0,1.83,29.0,135.0,9.0,1.69,30.0,8.0,1.56,31.0,8.0,3.02,35.0,8.0,1.66,34.0,9.0,1.8,34.0,9.0,1.7
Moldova,MDA,ECA,42,80,7,1.76,43.0,76.0,7.0,2.25,42.0,76.0,7.0,2.1,39.0,91.0,8.0,1.65,36.0,105.0,7.0,1.34,34.0,115.0,9.0,1.24,32.0,120.0,9.0,2.4,33.0,117.0,9.0,2.13,31.0,122.0,9.0,1.54,30.0,9.0,2.18,33.0,8.0,2.88,35.0,8.0,2.7,35.0,8.0,2.8,36.0,8.0,2.6
Mongolia,MNG,AP,31,124,8,1.02,33.0,114.0,8.0,1.38,33.0,121.0,7.0,1.05,33.0,116.0,8.0,0.82,35.0,110.0,8.0,0.57,35.0,111.0,9.0,0.71,35.0,106.0,9.0,1.89,37.0,93.0,9.0,1.94,36.0,103.0,9.0,1.4,38.0,9.0,1.7,39.0,8.0,1.76,39.0,7.0,2.13,38.0,7.0,2.2,36.0,7.0,2.6
Montenegro,MNE,ECA,46,65,5,2.95,46.0,65.0,5.0,3.03,46.0,63.0,5.0,2.55,45.0,65.0,5.0,1.93,46.0,64.0,5.0,2.13,45.0,67.0,5.0,3.25,45.0,66.0,5.0,4.84,45.0,67.0,5.0,4.43,46.0,64.0,5.0,2.45,45.0,4.0,2.89,44.0,4.0,4.87,42.0,4.0,4.25,44.0,4.0,2.2,41.0,4.0,4.5
Morocco,MAR,MENA,39,91,8,1.85,37.0,99.0,8.0,1.55,38.0,97.0,7.0,1.7,38.0,94.0,7.0,1.8,39.0,87.0,6.0,2.47,40.0,86.0,7.0,2.22,41.0,80.0,7.0,3.15,43.0,73.0,7.0,3.68,40.0,81.0,7.0,2.6,37.0,7.0,1.74,36.0,6.0,3.85,39.0,6.0,3.57,37.0,8.0,2.9,37.0,8.0,3.2
Mozambique,MOZ,SSA,21,161,9,1.8,25.0,146.0,8.0,2.39,25.0,145.0,8.0,1.91,26.0,142.0,8.0,1.89,26.0,147.0,8.0,1.99,25.0,149.0,9.0,1.6,26.0,146.0,9.0,2.98,23.0,158.0,8.0,2.64,25.0,153.0,8.0,2.87,27.0,8.0,2.57,31.0,7.0,1.97,31.0,7.0,1.89,30.0,7.0,2.0,31.0,7.0,1.6
Myanmar,MMR,AP,16,169,7,1.92,16.0,168.0,7.0,2.01,20.0,162.0,7.0,2.29,23.0,157.0,7.0,1.9,28.0,140.0,7.0,2.78,28.0,137.0,7.0,2.65,29.0,130.0,7.0,4.21,29.0,132.0,7.0,3.94,30.0,130.0,7.0,3.91,28.0,8.0,3.69,22.0,7.0,2.82,21.0,7.0,2.87,21.0,6.0,3.9,15.0,4.0,3.7
Namibia,NAM,SSA,46,65,9,2.02,49.0,59.0,8.0,1.61,49.0,59.0,6.0,2.84,49.0,59.0,7.0,2.48,49.0,58.0,7.0,2.61,51.0,57.0,7.0,1.88,52.0,56.0,7.0,3.13,53.0,52.0,6.0,3.72,51.0,53.0,6.0,3.22,52.0,5.0,2.03,53.0,5.0,2.75,49.0,5.0,4.0,48.0,6.0,3.4,48.0,6.0,3.5
Nepal,NPL,AP,34,109,6,0.92,34.0,107.0,6.0,0.94,35.0,108.0,6.0,0.74,34.0,110.0,6.0,0.93,33.0,117.0,6.0,0.54,33.0,117.0,6.0,1.35,34.0,113.0,6.0,1.76,31.0,124.0,6.0,1.85,31.0,122.0,6.0,2.0,29.0,6.0,2.33,27.0,5.0,2.73,29.0,5.0,2.2,31.0,5.0,1.4,27.0,5.0,2.4
Netherlands,NLD,WE/EU,78,8,8,2.4,78.0,9.0,8.0,2.34,79.0,8.0,8.0,2.1,80.0,8.0,8.0,2.01,82.0,8.0,8.0,1.36,82.0,8.0,8.0,1.44,82.0,8.0,8.0,2.25,82.0,8.0,8.0,2.3,82.0,8.0,8.0,2.23,83.0,7.0,2.32,84.0,7.0,1.98,83.0,7.0,1.97,83.0,7.0,2.0,84.0,7.0,2.0
New Zealand,NZL,AP,81,4,8,2.04,83.0,4.0,8.0,1.77,85.0,3.0,8.0,1.92,87.0,2.0,8.0,1.41,88.0,1.0,8.0,1.43,88.0,1.0,8.0,1.48,87.0,1.0,8.0,2.29,87.0,2.0,8.0,2.44,89.0,1.0,8.0,2.4,90.0,7.0,2.56,91.0,7.0,2.32,91.0,7.0,2.28,91.0,7.0,2.3,90.0,7.0,2.2
Nicaragua,NIC,AME,14,175,7,1.47,14.0,172.0,7.0,1.44,17.0,172.0,7.0,0.96,19.0,167.0,8.0,1.04,20.0,164.0,8.0,0.97,22.0,159.0,7.0,0.9,22.0,161.0,7.0,1.16,25.0,152.0,8.0,1.13,26.0,151.0,8.0,1.29,26.0,7.0,1.98,27.0,7.0,2.5,28.0,7.0,2.03,28.0,7.0,2.4,29.0,7.0,2.1
Niger,NER,SSA,31,124,7,1.95,34.0,107.0,7.0,2.03,32.0,125.0,7.0,1.5,32.0,123.0,7.0,1.5,31.0,124.0,7.0,1.35,32.0,123.0,7.0,1.2,32.0,120.0,7.0,1.72,34.0,114.0,6.0,2.98,33.0,112.0,6.0,3.27,35.0,5.0,3.25,34.0,5.0,4.16,35.0,5.0,3.99,34.0,5.0,3.7,33.0,5.0,3.1
Nigeria,NGA,SSA,26,142,10,1.47,26.0,140.0,10.0,1.45,25.0,145.0,8.0,1.64,24.0,150.0,8.0,1.6,24.0,154.0,8.0,1.57,25.0,149.0,8.0,1.45,26.0,146.0,8.0,1.87,27.0,144.0,9.0,2.03,27.0,148.0,9.0,1.97,28.0,9.0,1.98,26.0,8.0,2.24,27.0,8.0,2.82,25.0,9.0,3.1,27.0,9.0,2.7
North Macedonia,MKD,ECA,40,84,7,2.42,40.0,88.0,7.0,2.73,42.0,76.0,6.0,2.88,40.0,85.0,7.0,1.95,39.0,87.0,7.0,1.66,35.0,111.0,7.0,2.44,35.0,106.0,7.0,3.56,37.0,93.0,7.0,3.38,35.0,107.0,6.0,4.49,37.0,7.0,4.97,42.0,6.0,5.27,45.0,6.0,5.92,44.0,6.0,5.0,43.0,6.0,4.7
Norway,NOR,WE/EU,81,4,8,1.62,81.0,5.0,8.0,1.65,84.0,4.0,7.0,1.38,84.0,4.0,7.0,1.17,85.0,4.0,7.0,1.07,84.0,7.0,7.0,1.26,84.0,7.0,7.0,1.65,84.0,7.0,8.0,2.14,85.0,3.0,8.0,1.83,85.0,7.0,1.85,88.0,7.0,2.24,86.0,7.0,2.38,86.0,7.0,2.3,85.0,7.0,1.6
Oman,OMN,MENA,52,54,7,5.54,55.0,50.0,6.0,6.49,43.0,70.0,5.0,5.32,44.0,69.0,5.0,4.95,52.0,56.0,6.0,7.12,54.0,49.0,6.0,7.47,52.0,56.0,6.0,9.78,52.0,53.0,6.0,9.46,44.0,68.0,5.0,7.0,45.0,5.0,7.07,45.0,5.0,6.69,45.0,5.0,6.55,47.0,5.0,7.8,47.0,5.0,7.6
Pakistan,PAK,AP,28,136,8,1.73,27.0,135.0,8.0,1.99,29.0,133.0,8.0,2.09,27.0,140.0,7.0,1.92,28.0,140.0,8.0,1.87,31.0,124.0,8.0,1.8,32.0,120.0,8.0,2.46,33.0,117.0,8.0,2.06,32.0,117.0,8.0,2.11,32.0,7.0,2.12,30.0,7.0,3.12,29.0,7.0,3.24,28.0,8.0,3.0,27.0,8.0,2.3
Panama,PAN,AME,33,116,7,1.52,33.0,114.0,7.0,1.44,35.0,108.0,7.0,1.17,36.0,101.0,7.0,1.08,36.0,105.0,7.0,1.02,35.0,111.0,7.0,0.77,36.0,101.0,7.0,1.37,37.0,93.0,7.0,1.76,37.0,96.0,7.0,1.79,38.0,6.0,2.29,39.0,6.0,3.01,37.0,6.0,3.49,35.0,6.0,2.2,38.0,6.0,3.1
Papua New Guinea,PNG,AP,26,142,6,2.52,31.0,127.0,6.0,1.42,29.0,133.0,6.0,1.76,30.0,130.0,6.0,2.34,31.0,124.0,6.0,2.26,27.0,142.0,6.0,1.62,28.0,137.0,6.0,2.38,28.0,138.0,6.0,2.47,29.0,135.0,6.0,2.55,28.0,5.0,3.01,25.0,5.0,4.22,25.0,5.0,4.16,25.0,5.0,4.2,25.0,5.0,4.2
Paraguay,PRY,AME,24,150,7,2.29,24.0,149.0,7.0,2.33,28.0,136.0,6.0,1.84,28.0,137.0,7.0,1.7,30.0,128.0,7.0,1.4,28.0,137.0,6.0,2.19,28.0,137.0,6.0,2.84,29.0,132.0,6.0,3.05,29.0,135.0,6.0,3.1,30.0,6.0,2.68,27.0,5.0,2.85,24.0,5.0,2.95,24.0,5.0,3.1,25.0,5.0,2.9
Peru,PER,AME,30,130,8,2.19,31.0,127.0,8.0,2.26,33.0,121.0,8.0,1.4,36.0,101.0,8.0,1.43,36.0,105.0,8.0,1.84,38.0,94.0,8.0,1.98,36.0,101.0,8.0,3.07,35.0,105.0,8.0,3.1,37.0,96.0,8.0,3.35,35.0,7.0,2.04,36.0,7.0,3.05,38.0,7.0,2.63,38.0,7.0,2.5,38.0,7.0,2.1
Philippines,PHL,AP,32,120,9,2.14,33.0,114.0,9.0,1.81,34.0,115.0,9.0,1.21,33.0,116.0,9.0,0.93,33.0,117.0,9.0,0.94,34.0,115.0,9.0,0.92,34.0,113.0,9.0,1.59,36.0,99.0,9.0,1.55,34.0,111.0,9.0,1.9,35.0,9.0,1.58,35.0,8.0,1.92,38.0,8.0,1.84,36.0,9.0,2.5,34.0,9.0,2.2
Poland,POL,WE/EU,53,52,10,2.03,53.0,53.0,10.0,1.84,54.0,47.0,10.0,1.36,55.0,45.0,10.0,1.37,56.0,42.0,10.0,1.22,56.0,45.0,10.0,1.39,58.0,41.0,10.0,1.85,60.0,36.0,10.0,1.69,60.0,36.0,10.0,1.36,62.0,10.0,1.77,63.0,9.0,2.59,61.0,9.0,2.7,60.0,10.0,2.3,58.0,10.0,2.0
Portugal,PRT,WE/EU,56,46,8,2.27,57.0,43.0,8.0,1.63,61.0,34.0,8.0,1.75,62.0,33.0,8.0,1.63,62.0,32.0,8.0,1.84,61.0,33.0,8.0,1.73,62.0,30.0,8.0,2.82,64.0,30.0,8.0,2.14,63.0,29.0,8.0,2.56,62.0,8.0,2.58,64.0,7.0,2.5,63.0,7.0,3.36,62.0,7.0,3.0,63.0,7.0,2.5
Qatar,QAT,MENA,58,41,8,3.37,59.0,38.0,7.0,4.33,58.0,40.0,6.0,4.9,58.0,40.0,6.0,5.08,63.0,31.0,7.0,5.01,63.0,30.0,7.0,5.35,62.0,30.0,7.0,8.0,62.0,33.0,7.0,8.08,63.0,29.0,7.0,7.5,61.0,7.0,7.02,71.0,6.0,6.63,69.0,6.0,7.21,68.0,6.0,7.2,68.0,6.0,6.4
Romania,ROU,WE/EU,45,70,9,1.37,46.0,65.0,8.0,2.0,46.0,63.0,10.0,0.91,46.0,63.0,10.0,1.01,45.0,66.0,10.0,1.0,44.0,69.0,10.0,0.89,44.0,70.0,10.0,2.76,47.0,61.0,10.0,3.25,48.0,59.0,10.0,3.12,48.0,10.0,3.0,46.0,9.0,3.11,43.0,9.0,3.6,43.0,9.0,3.0,44.0,8.0,3.7
Russia,RUS,ECA,22,157,7,1.48,22.0,154.0,7.0,1.55,26.0,141.0,7.0,1.47,28.0,137.0,8.0,1.73,29.0,136.0,9.0,1.46,30.0,129.0,9.0,1.33,28.0,137.0,9.0,2.48,28.0,138.0,9.0,2.51,29.0,135.0,9.0,2.5,29.0,9.0,2.73,29.0,8.0,2.52,27.0,8.0,2.61,28.0,9.0,2.3,28.0,9.0,2.2
Rwanda,RWA,SSA,58,41,7,2.78,57.0,43.0,7.0,2.63,53.0,49.0,6.0,2.19,51.0,54.0,6.0,2.79,53.0,52.0,7.0,3.59,54.0,49.0,7.0,3.39,53.0,51.0,7.0,4.75,56.0,48.0,6.0,6.07,55.0,48.0,6.0,6.0,54.0,6.0,5.07,54.0,5.0,6.42,49.0,4.0,3.23,53.0,5.0,5.7,53.0,5.0,6.3
Saint Lucia,LCA,AME,59,39,3,7.92,59.0,38.0,3.0,7.91,55.0,45.0,3.0,3.7,55.0,45.0,3.0,3.7,56.0,42.0,3.0,4.03,56.0,45.0,3.0,4.17,55.0,48.0,3.0,4.15,55.0,50.0,3.0,4.27,55.0,48.0,3.0,4.27,60.0,3.0,6.8,,,,71.0,3.0,0.84,71.0,3.0,0.8,71.0,3.0,0.8
Saint Vincent and the Grenadines,VCT,AME,63,31,3,1.95,63.0,32.0,3.0,1.94,60.0,36.0,3.0,4.26,60.0,35.0,3.0,4.51,59.0,36.0,3.0,3.55,59.0,40.0,3.0,4.02,59.0,39.0,3.0,4.14,58.0,41.0,3.0,3.39,58.0,40.0,3.0,3.39,60.0,3.0,1.66,,,,62.0,3.0,5.59,62.0,3.0,5.6,62.0,3.0,5.6
Sao Tome and Principe,STP,SSA,45,70,4,5.38,45.0,69.0,4.0,5.38,45.0,67.0,4.0,4.82,45.0,65.0,4.0,4.82,45.0,66.0,4.0,4.82,47.0,63.0,4.0,5.06,46.0,64.0,4.0,5.36,46.0,64.0,4.0,5.05,46.0,64.0,4.0,5.21,46.0,3.0,0.93,42.0,3.0,5.0,42.0,3.0,5.05,42.0,3.0,5.0,42.0,3.0,5.0
Saudi Arabia,SAU,MENA,57,45,7,3.84,59.0,38.0,7.0,4.18,52.0,53.0,6.0,5.28,51.0,54.0,6.0,4.64,53.0,52.0,7.0,4.24,53.0,52.0,7.0,5.36,53.0,51.0,7.0,7.56,49.0,58.0,7.0,6.34,49.0,57.0,7.0,6.14,46.0,5.0,7.54,52.0,5.0,7.03,49.0,5.0,6.69,46.0,5.0,6.7,44.0,5.0,6.4
Senegal,SEN,SSA,46,65,9,1.17,45.0,69.0,9.0,1.41,43.0,70.0,9.0,1.35,43.0,72.0,9.0,1.4,43.0,73.0,9.0,1.35,45.0,67.0,9.0,1.33,45.0,66.0,9.0,2.06,45.0,67.0,9.0,2.51,45.0,66.0,9.0,2.52,45.0,8.0,2.63,44.0,8.0,2.61,43.0,8.0,2.28,41.0,9.0,1.5,36.0,9.0,1.8
Serbia,SRB,ECA,33,116,7,2.01,35.0,105.0,8.0,1.37,36.0,104.0,8.0,1.26,36.0,101.0,8.0,1.33,38.0,96.0,8.0,1.42,38.0,94.0,8.0,1.66,39.0,91.0,8.0,2.48,39.0,87.0,8.0,2.89,41.0,77.0,8.0,2.8,42.0,7.0,3.69,40.0,7.0,3.9,41.0,7.0,2.92,42.0,7.0,3.4,39.0,7.0,2.6
Seychelles,SYC,SSA,68,24,4,2.35,72.0,18.0,4.0,3.97,71.0,20.0,3.0,0.37,70.0,23.0,3.0,1.78,70.0,23.0,3.0,1.34,66.0,27.0,4.0,2.97,66.0,27.0,4.0,3.4,66.0,28.0,4.0,3.08,60.0,36.0,4.0,8.32,,,,55.0,3.0,8.5,55.0,3.0,8.62,54.0,4.0,8.2,52.0,4.0,8.0
Sierra Leone,SLE,SSA,34,109,8,2.01,33.0,114.0,9.0,2.17,35.0,108.0,8.0,2.14,34.0,110.0,9.0,1.73,34.0,115.0,9.0,1.84,33.0,117.0,8.0,2.42,33.0,119.0,8.0,3.47,30.0,129.0,9.0,2.17,30.0,130.0,9.0,1.95,30.0,8.0,2.94,29.0,8.0,3.44,31.0,8.0,2.3,30.0,8.0,2.4,31.0,8.0,1.9
Singapore,SGP,AP,84,3,9,1.52,84.0,3.0,9.0,1.48,83.0,5.0,9.0,1.15,83.0,5.0,8.0,1.3,85.0,4.0,9.0,1.16,85.0,3.0,9.0,1.2,85.0,4.0,9.0,2.05,85.0,3.0,9.0,1.98,84.0,6.0,9.0,2.26,84.0,8.0,2.35,85.0,8.0,2.02,84.0,8.0,1.75,86.0,9.0,2.3,87.0,9.0,2.1
Slovakia,SVK,WE/EU,48,61,9,2.82,49.0,59.0,10.0,2.29,54.0,47.0,9.0,1.67,53.0,49.0,10.0,1.72,52.0,56.0,10.0,2.01,49.0,60.0,9.0,2.69,50.0,59.0,9.0,4.57,50.0,57.0,9.0,4.11,50.0,54.0,9.0,3.32,51.0,8.0,3.09,51.0,8.0,3.63,50.0,8.0,4.07,47.0,8.0,4.7,46.0,8.0,4.3
Slovenia,SVN,WE/EU,58,41,10,1.74,60.0,36.0,10.0,1.78,56.0,42.0,10.0,1.04,56.0,41.0,10.0,0.96,57.0,41.0,10.0,1.04,60.0,35.0,10.0,1.13,60.0,35.0,10.0,2.28,60.0,36.0,10.0,2.37,61.0,34.0,10.0,2.78,61.0,10.0,2.44,60.0,9.0,2.93,58.0,9.0,3.03,57.0,9.0,3.6,61.0,8.0,3.9
Solomon Islands,SLB,AP,44,73,3,6.89,43.0,76.0,3.0,7.48,43.0,70.0,3.0,7.43,42.0,77.0,3.0,7.67,43.0,73.0,3.0,7.31,42.0,78.0,3.0,7.8,42.0,77.0,3.0,8.69,44.0,70.0,3.0,7.38,39.0,85.0,3.0,3.71,42.0,3.0,3.34,,,,,,,,,,,,
Somalia,SOM,SSA,9,181,6,2.26,9.0,179.0,6.0,2.3,11.0,180.0,6.0,2.08,12.0,180.0,6.0,1.74,13.0,178.0,6.0,1.89,12.0,179.0,6.0,2.29,9.0,180.0,5.0,1.74,10.0,180.0,6.0,3.08,9.0,180.0,5.0,2.26,10.0,5.0,2.98,8.0,4.0,2.32,8.0,4.0,2.34,8.0,4.0,1.9,8.0,4.0,2.3
South Africa,ZAF,SSA,41,81,9,2.39,41.0,82.0,9.0,2.43,41.0,83.0,8.0,2.08,43.0,72.0,8.0,2.01,44.0,70.0,8.0,2.35,44.0,69.0,8.0,2.17,44.0,70.0,8.0,3.44,43.0,73.0,8.0,3.8,43.0,71.0,8.0,3.98,45.0,7.0,2.55,44.0,7.0,2.61,44.0,7.0,2.41,42.0,9.0,2.8,43.0,9.0,2.5
South Sudan,SSD,SSA,9,181,5,2.56,8.0,180.0,5.0,2.09,13.0,177.0,5.0,1.33,13.0,178.0,5.0,1.9,11.0,180.0,5.0,0.41,12.0,179.0,5.0,1.11,12.0,179.0,5.0,1.26,13.0,178.0,5.0,1.86,12.0,179.0,5.0,1.56,11.0,5.0,3.21,15.0,3.0,1.45,15.0,3.0,2.35,14.0,3.0,1.6,,,
Spain,ESP,WE/EU,55,49,8,2.54,56.0,46.0,8.0,2.43,60.0,36.0,8.0,2.36,60.0,35.0,8.0,2.41,61.0,34.0,8.0,2.28,62.0,32.0,8.0,2.01,62.0,30.0,8.0,3.17,58.0,41.0,8.0,4.33,57.0,42.0,8.0,3.78,58.0,7.0,4.09,58.0,7.0,4.07,60.0,7.0,3.75,59.0,7.0,4.9,65.0,7.0,2.9
Sri Lanka,LKA,AP,35,107,8,1.22,32.0,121.0,8.0,1.63,34.0,115.0,8.0,0.62,36.0,101.0,7.0,0.8,37.0,102.0,7.0,0.99,38.0,94.0,8.0,1.17,38.0,93.0,7.0,2.11,38.0,89.0,7.0,1.85,38.0,91.0,7.0,1.82,36.0,7.0,1.64,37.0,7.0,2.09,38.0,7.0,2.18,37.0,7.0,2.1,40.0,7.0,1.3
Sudan,SDN,SSA,14,175,8,1.94,15.0,170.0,8.0,1.9,20.0,162.0,8.0,3.13,22.0,162.0,8.0,3.47,20.0,164.0,8.0,2.43,16.0,174.0,7.0,2.14,16.0,173.0,7.0,2.74,16.0,172.0,7.0,2.51,16.0,175.0,7.0,2.31,14.0,7.0,2.99,12.0,6.0,3.64,11.0,6.0,3.55,11.0,6.0,3.5,13.0,6.0,2.9
Suriname,SUR,AME,38,96,5,5.28,40.0,88.0,4.0,5.66,40.0,87.0,4.0,5.91,40.0,85.0,4.0,5.38,39.0,87.0,4.0,4.29,38.0,94.0,4.0,1.69,44.0,70.0,4.0,4.76,43.0,73.0,4.0,3.22,41.0,77.0,4.0,4.08,45.0,4.0,7.53,36.0,3.0,3.21,36.0,3.0,3.25,36.0,3.0,3.2,37.0,3.0,3.2
Sweden,SWE,WE/EU,80,6,8,2.53,80.0,8.0,8.0,2.48,82.0,6.0,8.0,2.28,83.0,5.0,8.0,2.2,85.0,4.0,8.0,1.24,85.0,3.0,8.0,1.3,85.0,4.0,8.0,1.98,85.0,3.0,8.0,2.02,84.0,6.0,8.0,2.27,88.0,7.0,1.33,89.0,7.0,1.71,87.0,7.0,3.41,89.0,7.0,2.3,88.0,7.0,1.9
Switzerland,CHE,WE/EU,80,6,7,2.19,81.0,5.0,7.0,1.81,82.0,6.0,7.0,1.74,82.0,7.0,7.0,1.85,84.0,7.0,7.0,1.11,85.0,3.0,7.0,1.1,85.0,4.0,7.0,1.58,85.0,3.0,7.0,1.57,85.0,3.0,7.0,1.71,86.0,6.0,1.57,86.0,6.0,2.55,86.0,6.0,2.61,85.0,6.0,2.5,86.0,6.0,2.6
Syria,SYR,MENA,15,172,5,2.52,12.0,177.0,5.0,1.83,13.0,177.0,5.0,1.58,13.0,178.0,5.0,1.57,13.0,178.0,5.0,1.58,14.0,178.0,5.0,1.58,13.0,178.0,5.0,1.92,13.0,178.0,5.0,1.92,14.0,178.0,5.0,1.93,13.0,5.0,1.97,18.0,4.0,5.66,20.0,4.0,5.31,17.0,4.0,3.8,26.0,5.0,2.7
Taiwan,TWN,AP,68,24,8,1.71,67.0,25.0,7.0,2.05,67.0,28.0,8.0,1.53,68.0,25.0,8.0,1.66,68.0,25.0,8.0,1.85,65.0,28.0,8.0,2.06,65.0,28.0,8.0,3.03,63.0,31.0,8.0,3.06,63.0,29.0,8.0,3.28,61.0,8.0,3.79,62.0,7.0,3.78,61.0,7.0,4.17,61.0,7.0,4.3,61.0,7.0,3.9
Tajikistan,TJK,ECA,19,166,5,1.78,19.0,164.0,5.0,1.76,20.0,162.0,5.0,0.78,24.0,150.0,6.0,3.13,25.0,150.0,6.0,3.97,25.0,149.0,6.0,5.09,25.0,153.0,6.0,6.66,25.0,152.0,6.0,5.73,21.0,161.0,5.0,2.36,25.0,6.0,5.26,26.0,5.0,7.36,23.0,5.0,5.32,22.0,5.0,3.8,22.0,5.0,3.8
Tanzania,TZA,SSA,40,84,9,1.84,41.0,82.0,9.0,2.15,40.0,87.0,9.0,2.2,38.0,94.0,9.0,0.99,39.0,87.0,9.0,1.39,38.0,94.0,9.0,0.8,37.0,96.0,9.0,1.92,36.0,99.0,9.0,1.83,36.0,103.0,9.0,1.55,32.0,9.0,1.84,30.0,8.0,3.49,31.0,8.0,3.2,33.0,8.0,2.7,35.0,8.0,2.1
Thailand,THA,AP,33,116,9,1.0,34.0,107.0,9.0,0.65,35.0,108.0,9.0,0.88,36.0,101.0,9.0,1.09,35.0,110.0,9.0,0.84,36.0,104.0,9.0,1.31,36.0,101.0,9.0,2.45,36.0,99.0,9.0,2.08,37.0,96.0,9.0,2.03,35.0,9.0,2.44,38.0,8.0,2.12,38.0,8.0,1.6,35.0,8.0,1.2,37.0,8.0,1.6
Timor-Leste,TLS,AP,44,73,4,5.13,44.0,73.0,4.0,5.12,43.0,70.0,4.0,5.19,42.0,77.0,4.0,5.03,41.0,82.0,4.0,3.68,40.0,86.0,4.0,2.71,38.0,93.0,4.0,4.5,35.0,105.0,3.0,4.81,38.0,91.0,3.0,7.5,35.0,3.0,5.97,28.0,3.0,5.17,28.0,3.0,5.18,30.0,3.0,3.2,33.0,3.0,5.6
Togo,TGO,SSA,32,120,7,1.47,32.0,121.0,7.0,1.38,31.0,126.0,7.0,1.15,30.0,130.0,7.0,1.7,30.0,128.0,7.0,1.6,29.0,134.0,7.0,1.75,29.0,130.0,7.0,2.4,30.0,129.0,6.0,2.35,32.0,117.0,6.0,3.29,32.0,5.0,4.21,32.0,5.0,3.04,29.0,5.0,3.69,29.0,5.0,3.7,30.0,5.0,3.4
Trinidad and Tobago,TTO,AME,41,81,6,4.44,41.0,82.0,6.0,4.44,42.0,76.0,6.0,4.87,42.0,77.0,7.0,3.86,41.0,82.0,7.0,3.66,40.0,86.0,7.0,3.73,40.0,85.0,7.0,5.38,41.0,78.0,6.0,5.8,41.0,77.0,6.0,5.47,35.0,5.0,2.48,39.0,4.0,4.64,38.0,4.0,4.82,38.0,4.0,5.1,39.0,4.0,4.5
Tunisia,TUN,MENA,39,91,8,1.32,39.0,92.0,8.0,1.24,40.0,87.0,7.0,1.7,40.0,85.0,7.0,1.12,44.0,70.0,7.0,1.9,44.0,69.0,7.0,2.83,43.0,74.0,7.0,3.94,43.0,73.0,7.0,3.86,42.0,74.0,7.0,3.73,41.0,7.0,3.9,38.0,6.0,2.17,40.0,6.0,1.72,41.0,7.0,1.9,41.0,7.0,2.8
Turkey,TUR,ECA,31,124,8,2.04,34.0,107.0,8.0,1.74,34.0,115.0,9.0,1.57,36.0,101.0,9.0,1.51,38.0,96.0,9.0,2.1,40.0,86.0,9.0,2.06,39.0,91.0,9.0,3.34,41.0,78.0,9.0,3.03,40.0,81.0,8.0,1.8,41.0,9.0,1.8,42.0,8.0,2.02,45.0,8.0,2.69,50.0,9.0,2.4,49.0,9.0,2.1
Turkmenistan,TKM,ECA,17,167,5,0.81,17.0,165.0,5.0,0.89,18.0,170.0,5.0,1.45,19.0,167.0,5.0,1.07,19.0,169.0,5.0,1.07,19.0,165.0,5.0,0.91,19.0,165.0,5.0,1.42,20.0,161.0,5.0,1.22,19.0,167.0,5.0,1.78,22.0,4.0,1.32,18.0,4.0,2.38,17.0,3.0,2.85,17.0,3.0,2.9,17.0,3.0,2.9
Uganda,UGA,SSA,25,148,8,1.22,26.0,140.0,8.0,1.19,26.0,141.0,8.0,1.3,26.0,142.0,8.0,1.49,27.0,144.0,9.0,1.22,27.0,142.0,9.0,1.15,28.0,137.0,9.0,2.04,26.0,149.0,9.0,2.13,26.0,151.0,9.0,2.11,25.0,9.0,2.24,25.0,8.0,3.19,26.0,8.0,3.03,26.0,8.0,3.3,29.0,8.0,2.2
Ukraine,UKR,ECA,36,104,8,2.4,35.0,105.0,8.0,2.09,36.0,104.0,8.0,1.93,33.0,116.0,8.0,1.44,32.0,122.0,9.0,1.29,33.0,117.0,9.0,1.31,30.0,126.0,9.0,2.38,32.0,120.0,9.0,2.27,30.0,130.0,9.0,2.27,29.0,9.0,1.97,27.0,8.0,1.93,26.0,8.0,1.64,25.0,8.0,1.7,26.0,8.0,1.8
United Arab Emirates,ARE,MENA,69,21,8,2.25,68.0,23.0,8.0,2.16,68.0,26.0,7.0,2.57,67.0,27.0,7.0,3.1,69.0,24.0,8.0,2.9,71.0,21.0,8.0,3.23,71.0,21.0,8.0,5.13,70.0,23.0,8.0,4.56,71.0,21.0,7.0,6.26,66.0,7.0,5.7,70.0,7.0,5.07,70.0,7.0,5.14,69.0,7.0,4.7,68.0,7.0,4.3
United Kingdom,GBR,WE/EU,70,20,8,1.58,71.0,20.0,8.0,2.05,71.0,20.0,8.0,1.68,73.0,18.0,8.0,1.85,78.0,11.0,8.0,1.43,77.0,11.0,8.0,2.2,77.0,12.0,8.0,3.34,80.0,11.0,8.0,2.03,82.0,8.0,8.0,1.7,81.0,7.0,2.12,81.0,7.0,2.4,78.0,7.0,2.09,76.0,8.0,1.3,74.0,8.0,1.3
United States of America,USA,AME,64,29,9,2.64,65.0,28.0,9.0,2.18,69.0,24.0,9.0,2.14,69.0,24.0,9.0,2.11,67.0,27.0,9.0,2.21,67.0,25.0,9.0,2.49,69.0,23.0,9.0,4.12,71.0,22.0,9.0,3.25,75.0,16.0,9.0,3.24,74.0,9.0,3.15,76.0,8.0,3.47,74.0,8.0,3.74,73.0,9.0,4.0,73.0,9.0,4.1
Uruguay,URY,AME,73,17,7,1.32,76.0,13.0,7.0,1.46,73.0,16.0,7.0,0.67,74.0,14.0,7.0,0.66,73.0,18.0,7.0,0.68,71.0,21.0,7.0,1.72,71.0,21.0,7.0,2.47,70.0,23.0,7.0,2.73,70.0,23.0,7.0,2.67,71.0,6.0,2.68,74.0,6.0,1.68,73.0,6.0,1.41,73.0,6.0,1.4,72.0,6.0,1.5
Uzbekistan,UZB,ECA,31,124,8,2.73,32.0,121.0,9.0,2.41,33.0,121.0,9.0,2.12,31.0,126.0,8.0,1.71,28.0,140.0,7.0,1.51,26.0,146.0,7.0,1.52,25.0,153.0,7.0,2.01,23.0,158.0,7.0,1.93,22.0,157.0,7.0,2.11,21.0,7.0,2.35,19.0,6.0,2.71,18.0,6.0,2.54,17.0,6.0,2.0,17.0,6.0,2.0
Vanuatu,VUT,AP,47,63,3,4.27,50.0,57.0,3.0,1.82,48.0,61.0,3.0,3.14,48.0,60.0,3.0,2.72,45.0,66.0,3.0,4.58,43.0,75.0,3.0,3.59,46.0,64.0,3.0,6.38,46.0,64.0,3.0,5.97,43.0,71.0,3.0,3.93,,,,,,,,,,,,,,,
Venezuela,VEN,AME,10,180,8,1.01,10.0,178.0,8.0,1.27,13.0,177.0,8.0,1.23,14.0,177.0,8.0,1.3,14.0,177.0,8.0,0.99,15.0,176.0,8.0,0.91,16.0,173.0,8.0,2.05,18.0,168.0,8.0,2.13,18.0,169.0,8.0,1.6,17.0,7.0,1.41,17.0,7.0,2.64,19.0,7.0,1.69,20.0,7.0,2.3,19.0,7.0,2.1
Vietnam,VNM,AP,41,81,8,1.72,40.0,88.0,8.0,1.58,41.0,83.0,8.0,1.4,42.0,77.0,8.0,1.5,39.0,87.0,8.0,0.82,36.0,104.0,8.0,1.81,37.0,96.0,8.0,2.84,33.0,117.0,8.0,2.84,35.0,107.0,8.0,2.78,33.0,8.0,2.46,31.0,8.0,2.56,31.0,8.0,2.55,31.0,8.0,2.6,31.0,8.0,2.5
Yemen,YEM,MENA,13,177,7,1.83,13.0,173.0,7.0,1.72,16.0,176.0,7.0,1.75,16.0,176.0,7.0,1.98,16.0,174.0,7.0,2.29,15.0,176.0,7.0,1.33,15.0,177.0,7.0,1.89,14.0,176.0,7.0,1.45,16.0,175.0,7.0,1.85,14.0,7.0,3.05,18.0,6.0,2.66,19.0,6.0,2.37,18.0,6.0,2.6,23.0,6.0,2.2
Zambia,ZMB,SSA,37,99,9,1.36,39.0,92.0,9.0,1.76,37.0,98.0,8.0,2.06,33.0,116.0,9.0,1.5,33.0,117.0,9.0,1.63,33.0,117.0,9.0,0.96,34.0,113.0,9.0,1.97,35.0,105.0,9.0,1.93,37.0,96.0,9.0,2.46,38.0,9.0,2.91,38.0,8.0,2.55,38.0,8.0,2.27,38.0,8.0,2.1,37.0,8.0,3.1
Zimbabwe,ZWE,SSA,22,157,9,0.74,21.0,158.0,9.0,0.91,24.0,149.0,9.0,1.3,23.0,157.0,8.0,1.53,23.0,157.0,8.0,1.52,24.0,157.0,9.0,1.35,24.0,158.0,9.0,2.31,22.0,160.0,9.0,2.29,22.0,157.0,9.0,2.22,22.0,9.0,2.59,21.0,8.0,4.54,21.0,8.0,4.18,21.0,8.0,4.3,20.0,8.0,4.3
