Year,Month,GEPU_current,GEPU_ppp,Australia,Brazil,Canada,Chile,China,France,Germany,Greece,India,Ireland,Italy,Japan,Korea,Pakistan,Russia,Spain,Singapore,UK,US,Sweden,Mexico
2012.0,1.0,155.22841912913435,158.48274509811742,140.266357421875,130.60597229003906,235.51641845703125,101.19027709960938,120.4490894,289.39776611328125,193.7616729736328,103.23512223365329,183.1171112060547,165.844667625542,179.2625732421875,138.48305228367312,254.889404296875,71.4461648918217,205.85337829589844,148.67044067382812,164.55990422412415,252.60073852539062,154.41802978515625,74.66651295,68.6519628173204
2012.0,2.0,142.05671042941958,148.33616981716602,227.5104217529297,96.60444641113281,184.25955200195312,63.674591064453125,139.152505,299.1496276855469,127.2582778930664,129.686145669577,180.22923278808594,126.872779914521,135.01560974121094,133.02811147480458,114.40123748779297,94.61898904055207,194.12831115722656,141.6598663330078,152.19712233842827,280.6376647949219,119.43543243408203,101.0075517,67.52161493359252
2012.0,3.0,133.42707057269976,146.8662941329987,134.02020263671875,175.36419677734375,187.7797088623047,94.25382995605469,136.7797916,219.1388397216797,112.18206024169922,110.17309355343956,239.41928100585938,142.699924890426,140.9508514404297,115.9700735767318,111.1845932006836,67.27256912101974,219.3765869140625,152.198974609375,140.53731564069545,254.34738159179688,98.74810791015625,74.17799674,43.30641315513694
2012.0,4.0,130.88523693433663,136.50267736600006,127.21565246582031,66.50650787353516,173.85983276367188,90.50003051757812,126.3162952,330.9455261230469,139.8486328125,116.05090117634354,173.36813354492188,196.649873356635,190.27879333496094,139.2436671315627,122.19598388671875,80.94327013518283,128.83169555664062,205.71994018554688,139.1775262337538,222.41671752929688,96.96967315673828,94.29543113,32.63353171152402
2012.0,5.0,160.47509910769094,165.5725107898236,244.48985290527344,156.2056884765625,258.1724853515625,114.82894897460938,133.1500448,313.9736633300781,169.5964813232422,182.10723036728612,246.41078186035156,179.232550115431,147.67372131347656,143.50036133551868,174.75238037109375,90.87072336851108,103.85138702392578,226.41781616210938,173.78227207110092,378.4496765136719,135.8798370361328,113.3613379,66.30916198286303
2012.0,6.0,184.0022693664575,188.31049549704892,236.63803100585938,176.1161651611328,249.10641479492188,139.5036163330078,139.038172,380.1791687011719,202.4900665283203,151.89283394207558,283.6890869140625,119.909812732418,141.23330688476562,171.3769116681688,207.79298400878906,96.72061359311971,98.41058349609375,234.37637329101562,196.057622540587,313.578857421875,197.46096801757812,114.2225398,67.71946450568895
2012.0,7.0,153.30700667004788,152.99256430944016,162.6157684326172,141.0108642578125,187.67164611816406,104.01844787597656,120.4032902,241.5575408935547,237.98158264160156,142.12571146666568,142.36514282226562,219.213163910524,126.45848846435547,98.07932739309379,152.12664794921875,81.68831902817426,104.93922424316406,233.6498565673828,152.5326685590889,292.40765380859375,180.8035430908203,123.8365079,48.794825527868326
2012.0,8.0,117.36385982738729,118.63401845140011,110.63846588134766,99.74259948730469,177.26629638671875,85.39205169677734,78.76684521,144.79931640625,161.606201171875,100.13854039100295,166.00540161132812,127.119466444418,98.05305480957031,98.82178221939682,131.95779418945312,60.61247078297302,78.06387329101562,164.81138610839844,118.28394532343032,218.67831420898438,142.95529174804688,91.95624142,47.963065097204606
2012.0,9.0,154.41709628193945,156.10490579691134,126.69681549072266,85.04138946533203,211.1724853515625,86.33992004394531,120.4692178,243.7095184326172,227.422607421875,106.68742851552442,152.3661651611328,130.056733381389,101.15518188476562,103.42686892926334,160.9791259765625,32.95069587484684,250.4549560546875,171.0133514404297,151.21033750869506,309.8489685058594,182.10719299316406,99.57802619,45.94752775264608
2012.0,10.0,151.89991378511874,151.65634429573933,178.72056579589844,104.04942321777344,218.4805908203125,68.25163269042969,113.1046342,284.00885009765625,174.70272827148438,104.1453064116589,163.22943115234375,148.649914762728,130.07620239257812,116.1161029229803,175.7323455810547,49.342444044572325,169.32164001464844,160.08543395996094,155.26402167288325,374.76806640625,166.12840270996094,82.46964768,57.2613196266181
2012.0,11.0,166.73184187001465,161.037000110006,115.93043518066406,102.34886169433594,382.5392150878906,98.84762573242188,122.3191181,332.82086181640625,214.81982421875,135.7901938941869,141.8102569580078,130.576240996678,113.1773681640625,125.18536856069139,188.55874633789062,56.22595224315185,36.585018157958984,146.38999938964844,166.36591861436136,408.43499755859375,205.8646697998047,102.2030606,41.81522161969489
2012.0,12.0,171.16874994689618,170.04450512292792,193.35743713378906,76.76616668701172,238.7257080078125,146.4833984375,142.077437,270.13153076171875,170.5152130126953,103.09488285081943,153.5653533935547,116.576548003938,141.23976135253906,139.88264477097104,164.72842407226562,53.56737624341598,156.4324951171875,151.52682495117188,173.467628582412,358.99346923828125,214.9519500732422,108.8973922,59.80223263524104
2013.0,1.0,168.2642680709402,165.96021311857433,110.67232513427734,164.3462371826172,223.526611328125,103.51300048828125,130.1575789,318.2390441894531,198.8842010498047,86.26991876149066,133.1490020751953,180.067956069359,171.18170166015625,95.4401703347736,192.95242309570312,56.75946928500228,197.7275848388672,135.85504150390625,162.60103484539263,371.5023193359375,199.35894775390625,107.4731204,67.06057445581781
2013.0,2.0,123.77125161209148,123.41635968507401,98.2016830444336,69.93822479248047,174.39271545410156,82.11314392089844,84.2713502,242.8760223388672,152.42018127441406,100.54723293792658,138.35072326660156,174.50738186748,184.06683349609375,104.48511979339676,164.4231414794922,75.81095186593681,151.24525451660156,124.1254653930664,123.10683075937867,265.6839294433594,128.5625,82.17815681,36.01390132518956
2013.0,3.0,146.2262571367531,145.2660393616929,81.99256896972656,205.75450134277344,258.2416687011719,70.89022064208984,90.5134379,259.2550964355469,201.00303649902344,147.17450016947907,155.18348693847656,100.495122889095,241.01820373535156,124.46371379053826,125.92017364501953,40.9110012868484,230.15643310546875,129.89584350585938,131.68879087167002,274.7190246582031,146.1158447265625,97.00481412,30.59160794166148
2013.0,4.0,137.09818401956534,139.81218788794314,106.78862762451172,130.49676513671875,206.53089904785156,68.9395751953125,119.6711113,300.5311584472656,131.46473693847656,109.02174796579392,148.7508087158203,106.577589781898,199.69656372070312,95.08169048285141,134.6317901611328,57.429579357157095,167.34182739257812,143.94744873046875,135.59046654754025,240.47743225097656,135.44058227539062,101.0923693,24.387869154264916
2013.0,5.0,108.73915324764916,108.45492731936986,161.5003662109375,145.15823364257812,220.81040954589844,78.19818878173828,71.52192778,256.80841064453125,65.21713256835938,84.93272384247256,122.28457641601562,167.8093414641,130.02479553222656,93.05597362530894,109.64276123046875,64.15415158968221,150.05859375,135.0992431640625,105.36471175797563,162.96871948242188,109.02803802490234,97.90918761,27.58124163738443
2013.0,6.0,128.71741720497738,130.33402461196374,117.86759185791016,131.4640655517578,143.97372436523438,147.79476928710938,102.7161109,293.7850646972656,126.39472198486328,102.7372715861372,129.93832397460938,178.046076891104,134.501953125,110.72130220500635,149.0504608154297,54.03550570593096,192.28787231445312,154.99974060058594,128.4823309556287,216.7747344970703,126.6258544921875,95.36513398,45.01886812697289
2013.0,7.0,109.0085156106091,108.61165664602973,179.24600219726562,162.3981170654297,135.8399200439453,128.68740844726562,76.2399961,215.33030700683594,160.84449768066406,102.73230377977303,130.02572631835938,206.458482424464,172.21578979492188,120.61166216014789,116.50532531738281,41.50648930165032,82.51089477539062,127.65289306640625,112.26985910355074,141.8206787109375,91.43748474121094,107.3510159,71.34398171248371
2013.0,8.0,120.3839834935542,127.50349774990674,192.50975036621094,187.28897094726562,143.07606506347656,98.1760025024414,100.9112249,143.9303741455078,131.17686462402344,88.26884480523506,188.82957458496094,133.90905193751,126.312255859375,84.33140592044217,98.12825775146484,48.838091400686984,207.55934143066406,129.31399536132812,121.39053556406074,217.50978088378906,108.75836944580078,81.39985707,37.259396662375394
2013.0,9.0,139.62927512477324,141.4751687497372,125.56664276123047,126.58081817626953,133.10943603515625,78.45075988769531,100.9327663,244.4139404296875,130.3910369873047,82.12850250120789,160.81842041015625,135.230032243019,170.23086547851562,99.63347862348643,122.00677490234375,64.6512405093555,214.2166290283203,132.1534881591797,132.75657897120627,181.16468811035156,179.8897247314453,102.3390661,49.418029238951476
2013.0,10.0,169.91904988025723,167.4150691586816,108.58575439453125,108.80329132080078,264.0227966308594,98.40614318847656,153.1258459,287.1696472167969,209.00704956054688,108.38191568582661,107.31888580322266,160.532024903176,153.3420867919922,102.21865369630203,143.5281524658203,68.13150693620169,153.68824768066406,127.7625503540039,164.7109144707064,229.49415588378906,225.37330627441406,93.27239617,79.34555354624932
2013.0,11.0,104.8970581901048,108.11831756365788,74.0932846069336,106.08869171142578,135.2249755859375,108.0075454711914,120.5846365,185.9593963623047,110.15919494628906,92.17569079596905,79.37088775634766,120.573237714197,187.17674255371094,70.62609648521915,84.72370910644531,69.69758194436406,77.41041564941406,133.3759307861328,107.6003856847794,176.47413635253906,89.91516876220703,85.97449573,49.47553751290242
2013.0,12.0,124.19044442491482,128.27598777106547,115.99813842773438,116.3469467163086,132.98370361328125,134.9224090576172,124.1559747,223.97088623046875,166.1023712158203,64.2325524665354,103.19481658935547,223.19347495992,94.33845520019531,89.4080616748398,125.79771423339844,90.09024075340665,206.56077575683594,136.38491821289062,126.72276157898244,190.23350524902344,115.02074432373047,100.3721376,15.295198599260292
2014.0,1.0,116.16349921565681,119.72452692335156,77.6370620727539,136.64743041992188,132.78744506835938,86.90003204345703,103.5485547,221.41378784179688,106.18580627441406,116.14199285275855,95.17993927001953,66.1005407254142,116.0104751586914,100.16888561309835,105.64112854003906,80.05200796959033,255.24072265625,131.92762756347656,111.78857654401533,206.44778442382812,107.70513916015625,108.4015776,46.55311457736281
2014.0,2.0,102.01047179707916,100.92578811408968,68.173828125,170.01541137695312,165.51190185546875,88.35698699951172,70.57914407,139.96908569335938,134.59872436523438,83.306820011871,78.70988464355469,132.758630529112,136.19007873535156,127.79825290537366,80.7980728149414,37.743912630528826,162.45726013183594,115.33161163330078,93.89398059868323,181.96482849121094,93.3692855834961,110.8505321,37.62532821740122
2014.0,3.0,115.83525645999038,114.62274172358721,82.714599609375,251.1715545654297,199.524169921875,119.49118041992188,99.97414417,221.9961395263672,130.77835083007812,84.61095085080278,66.12667083740234,152.885442626165,128.5175018310547,110.0406087787756,55.90073013305664,69.39102170109499,123.98759460449219,113.5309829711914,106.80378789614437,217.12489318847656,101.01873016357422,93.64988254,25.80053875374473
2014.0,4.0,111.64955038345877,118.48565023588043,37.09054183959961,150.52359008789062,123.92581176757812,129.51727294921875,129.5463889,175.991455078125,93.58223724365234,71.23087324602247,78.73886108398438,96.0434781505999,102.56396484375,112.36193210617753,65.95553588867188,46.28166730199567,254.084716796875,119.62244415283203,109.93955413867985,114.79574584960938,96.9934310913086,108.020223,21.63243989053726
2014.0,5.0,107.72594660429303,111.04334557561116,82.85413360595703,97.17090606689453,126.08412170410156,117.4437484741211,77.43149688,188.42922973632812,129.21800231933594,84.64862110351677,88.94390106201172,118.307454433098,105.47378540039062,87.51429901059109,66.65896606445312,60.122445206804926,370.5062255859375,116.78851318359375,94.23623927251678,198.74093627929688,102.01504516601562,88.4928159,32.30870856966192
2014.0,6.0,92.16819055497864,96.48710743626016,67.34064483642578,76.95014953613281,111.17639923095703,140.8798828125,105.8055156,159.18370056152344,70.29832458496094,93.393755322795,72.41730499267578,96.3483319959994,104.60302734375,63.47494502564777,70.28411865234375,64.84881628428056,143.52719116210938,122.62130737304688,93.9401152012042,123.77552795410156,85.96846771240234,85.73344942,30.657214601001353
2014.0,7.0,95.31366694069196,99.91989950272327,77.25981903076172,114.607177734375,143.09217834472656,160.10598754882812,94.60066506,148.74220275878906,105.19635009765625,92.95880048304235,104.40687561035156,128.756363073379,110.70175170898438,75.09421935521027,92.39057922363281,44.86721812417382,153.2280731201172,117.79121398925781,96.57829520304817,146.22756958007812,78.5060043334961,108.8742664,12.090349864315042
2014.0,8.0,97.74473580113957,105.12123500964519,95.73200225830078,168.4329071044922,155.5093231201172,235.07443237304688,77.59931977,132.21717834472656,142.96778869628906,102.43628204069196,133.45057678222656,141.818914174433,78.3236083984375,77.91610361098996,79.65977478027344,148.65823223414333,246.01303100585938,110.56453704833984,92.77861695029533,209.91403198242188,63.87733459472656,127.6632753,27.675089355205117
2014.0,9.0,122.87243566128919,128.61944825900102,88.75442504882812,198.71929931640625,140.3446044921875,202.55313110351562,107.9098285,242.48574829101562,177.00502014160156,102.70712983764356,115.3219985961914,161.976054399942,135.2010040283203,92.26471196332312,64.48342895507812,153.89681945321007,284.6849365234375,108.48748779296875,113.51992616763799,267.5660400390625,86.21659088134766,126.5469373,12.94737373069538
2014.0,10.0,113.357203494412,114.71733449991211,88.32337951660156,91.75434112548828,159.83575439453125,148.06231689453125,99.81389864,208.5667724609375,150.62701416015625,126.63624043798525,91.51668548583984,62.5493636037221,104.25890350341797,103.25336588426954,88.13387298583984,97.7184607108379,161.58383178710938,144.5205535888672,110.50527760207568,159.83262634277344,113.33457946777344,118.5385441,30.872518539084425
2014.0,11.0,120.57082688610555,128.5742069786289,65.1724624633789,142.0146942138672,216.45083618164062,138.76089477539062,120.1338512,195.18890380859375,109.457275390625,89.25026130990237,119.68306732177734,132.675734100433,159.69911193847656,108.15609023937719,104.91059875488281,74.65820601014349,315.3268737792969,140.28663635253906,116.9529383077873,142.29185485839844,93.18595123291016,100.014038,19.503297083225426
2014.0,12.0,111.69069969203758,113.92075672241478,91.33516693115234,185.60922241210938,147.4951171875,282.8293151855469,58.89923617,261.0257568359375,152.4196014404297,167.20218944926944,115.65457153320312,112.941276485743,120.3016128540039,105.83445243882923,107.76136016845703,74.8257057687143,321.74310302734375,154.86834716796875,97.52792525032513,210.36074829101562,87.41532135009766,111.0270519,26.34499862656129
2015.0,1.0,130.11524710600563,135.14915785437597,108.08183288574219,193.99337768554688,286.051513671875,132.65533447265625,98.03493372,178.69871520996094,201.27247619628906,163.42303197364623,120.23883819580078,132.510251426158,99.27145385742188,91.16818508993478,165.8157958984375,35.438788648847044,345.455078125,154.82034301757812,124.55816007961157,201.1910400390625,120.54422760009766,107.9964638,31.711336926933786
2015.0,2.0,116.3223183697921,122.71051607592193,141.4508514404297,302.9389343261719,240.58941650390625,93.31575775146484,95.11193973,238.4951171875,161.298828125,168.8331435510415,98.44914245605469,34.0077125739187,85.6695785522461,74.64506293001412,125.87626647949219,71.4163765250422,298.5555725097656,118.4397964477539,112.46711437813876,190.138916015625,87.60946655273438,99.97752684,22.28947083889465
2015.0,3.0,113.25310510220275,117.88430392021309,53.488059997558594,317.2683410644531,131.63589477539062,86.81047821044922,116.265651,174.19757080078125,80.55538940429688,144.80391376822752,53.43037033081055,233.201837117107,109.055908203125,76.94073588305056,97.98577880859375,59.38130271811547,239.86106872558594,128.2254638671875,108.89504680753505,209.54930114746094,95.97896575927734,85.07596304,37.876564705477726
2015.0,4.0,102.09562862998779,100.82511954923628,88.4654312133789,211.51629638671875,177.3994140625,115.08201599121094,63.93907057,211.13491821289062,105.49148559570312,167.36526515488464,52.30805969238281,204.833086274271,54.12688064575195,80.53993800890211,76.98116302490234,50.04845460435992,222.4618377685547,124.75897216796875,89.55277391683556,255.4854736328125,103.54495239257812,106.0394803,18.375567624938963
2015.0,5.0,105.05428636640566,101.50001533843437,126.90963745117188,146.36524963378906,213.99815368652344,174.17835998535156,68.25076576,197.79856872558594,113.3971939086914,140.7592143087228,63.050682067871094,100.463445939406,146.40518188476562,89.00383190864363,87.52241516113281,58.59582279510808,124.7078628540039,124.71321868896484,96.79315995853821,272.46484375,102.3187026977539,92.59688317,26.27943728913297
2015.0,6.0,120.17907327503845,118.72546559374508,87.65711975097656,101.2318115234375,174.02781677246094,166.63771057128906,95.53624936,303.5277404785156,212.82469177246094,170.30899765896362,79.26368713378906,138.898635830589,119.77798461914062,82.07829842315117,130.55377197265625,53.00563272847621,161.08892822265625,122.65605163574219,117.3751577545861,199.78225708007812,115.88028717041016,107.5227946,35.39497226799851
2015.0,7.0,124.35900311962672,122.94821553353027,110.4217758178711,182.97085571289062,179.12130737304688,236.46304321289062,133.6395202,314.7603454589844,176.39804077148438,110.20633083888616,50.5923957824707,170.858948345002,142.43016052246094,97.99146429129215,126.27262115478516,41.1068353859054,62.657249450683594,108.39608001708984,131.0111255184377,179.13893127441406,98.73478698730469,129.7831539,40.53707449325389
2015.0,8.0,120.42455386176617,117.18973069198921,77.32317352294922,291.7728271484375,176.8030548095703,233.42587280273438,60.20590772,171.7394561767578,158.680908203125,121.62327919412171,77.56551361083984,112.58222615428,114.18858337402344,115.52385258045267,144.34707641601562,44.60264549162794,180.0874481201172,109.48021697998047,107.11705236803749,137.50152587890625,156.5036163330078,113.9301027,51.36443484168305
2015.0,9.0,154.3639527218765,153.83985991999424,100.2146987915039,457.09967041015625,205.3566436767578,134.42880249023438,96.43061547,263.0301818847656,165.86695861816406,108.81936138311579,85.25515747070312,69.6656354628996,124.55348205566406,122.33433830472595,190.6709442138672,43.404813845554756,315.69952392578125,147.72125244140625,139.3485040147643,279.84173583984375,171.93267822265625,99.5371197,56.28963952513516
2015.0,10.0,116.57229996191042,115.39867160722267,74.92292785644531,297.0511169433594,199.57139587402344,144.1845245361328,87.33976499,231.93368530273438,187.63600158691406,96.28140197656658,45.60044479370117,64.7805451712939,95.38362121582031,112.79326229672783,126.64140319824219,48.08026668072708,174.17343139648438,130.8016357421875,110.13965550687293,155.60470581054688,110.7019271850586,103.8724264,26.353205030090344
2015.0,11.0,106.38190444485974,106.06008017962027,48.75554656982422,164.9832305908203,142.00074768066406,108.7883071899414,96.07801009,200.9758758544922,193.55435180664062,75.47580838005379,47.6463737487793,140.366763443002,95.95144653320312,92.93931520825886,94.25080108642578,41.050454142277594,155.72328186035156,126.88197326660156,103.36229495617587,208.38194274902344,89.58369445800781,90.57217833,13.533063201290666
2015.0,12.0,113.37340735762727,116.9237490628539,67.13679504394531,330.6095275878906,128.3804168701172,180.47067260742188,94.53806507,206.39486694335938,127.08606719970703,94.48228991659734,77.3212661743164,75.8316160463397,86.65267181396484,96.22309757238071,172.0449981689453,55.434038944102674,195.30059814453125,144.32144165039062,112.71956156336587,164.42555236816406,101.96343231201172,105.4669435,30.03646651464994
2016.0,1.0,145.20828759456197,140.9802811438042,67.03876495361328,306.6892395019531,156.0035400390625,156.04380798339844,127.4782714,241.42453002929688,203.99563598632812,106.51759321634067,70.27962493896484,68.4646973294164,96.98987579345703,134.72781110698511,181.93976778986598,26.970616082987334,55.095497131347656,158.0782470703125,146.5004752814495,249.41543579101562,154.85731506347656,110.849344,53.313437195621695
2016.0,2.0,148.16671858416888,145.77674685802927,97.05064392089844,224.2444610595703,186.64317321777344,109.2691650390625,108.0552358,324.0465393066406,181.86090087890625,122.51987392869383,99.21338653564453,182.605868134964,119.48193359375,169.8696635172341,166.5955244297357,49.46416381514309,190.3695526123047,131.8761749267578,146.54509688351862,312.599609375,148.32177734375,116.2317444,41.25225588857349
2016.0,3.0,160.57221680341146,162.34613364151207,86.07586669921875,420.95892333984375,218.5152587890625,118.50330352783203,155.2279389,253.6858673095703,190.5818328857422,105.37241650401964,92.20085906982422,214.013954838184,104.27645111083984,140.29852830288303,112.43480884518152,40.96308814705068,183.25970458984375,117.06299591064453,156.42656166911007,479.32598876953125,130.4901580810547,93.97053029,40.6359952737883
2016.0,4.0,143.47075803180908,146.3993800613457,87.01937866210938,473.5259094238281,156.8335723876953,130.89881896972656,165.2380053,216.33029174804688,124.16818237304688,119.40047157999196,47.38800811767578,137.261103463723,108.3381576538086,132.92715561217932,100.9960257879315,49.48380238528717,135.03346252441406,113.32276153564453,145.10057911615166,434.6092224121094,96.41341400146484,104.6926516,29.300710167559203
2016.0,5.0,127.19534335300986,123.77764021821704,154.54205322265625,221.30328369140625,151.52386474609375,143.19265747070312,117.5464314,241.1156768798828,131.46119689941406,139.7266928521151,53.01306915283203,216.338219747338,81.41446685791016,158.69092842384842,103.92144006623356,46.67170984844366,73.06627655029297,111.18634033203125,131.66061600041206,428.5093078613281,96.22233581542969,111.2174803,24.358337545510928
2016.0,6.0,231.40098490517613,220.86233315580014,206.1476593017578,294.4795227050781,276.6689147949219,197.35418701171875,131.4570154,444.34197998046875,454.00543212890625,111.16724044578343,144.26609802246094,218.826146407666,197.1590576171875,202.33842085009775,274.8091195154009,56.76778282875445,249.32167053222656,138.75936889648438,221.24847804187488,799.9341430664062,233.95611572265625,136.1197603,52.31668484018083
2016.0,7.0,204.78128542088467,189.03332279678318,328.67584228515625,326.6337890625,260.1251220703125,178.99996948242188,112.3994755,410.0074157714844,331.6681823730469,139.11299290050223,78.06611633300781,227.616698620079,129.44781494140625,202.86410866396832,214.10752530544514,74.93436191149293,97.64324951171875,117.95142364501953,198.40821872323545,1141.7955322265625,164.45838928222656,112.2347552,34.59252140957218
2016.0,8.0,135.6851901444574,136.52293706387516,62.00627899169922,251.6847381591797,237.58102416992188,97.73861694335938,116.325771,178.7202911376953,223.12734985351562,98.17246834311435,41.014217376708984,235.696270839538,102.52936553955078,115.47160035128984,101.31164066020544,47.89493317630257,313.0686950683594,110.99262237548828,126.24249065283102,458.6845397949219,106.88562774658203,91.21630737,27.210355630073792
2016.0,9.0,136.84547874401932,139.16231812801496,88.08694458007812,250.02455139160156,164.4557647705078,91.47058868408203,147.5645526,291.6730041503906,219.077392578125,104.63629266371518,32.88368606567383,185.9314938764,140.2138214111328,114.55215215524412,123.54898354481283,40.50279046532056,237.50038146972656,107.32561492919922,139.84060342962073,378.9745178222656,86.3435287475586,103.7796425,47.65531638908002
2016.0,10.0,126.94637674855304,122.41145303991097,49.835445404052734,149.36624145507812,243.58091735839844,91.06073760986328,106.809263,256.6236267089844,148.26052856445312,99.54699016405863,38.68679428100586,111.383458606649,132.1904754638672,91.17699383326236,122.17124734354232,70.3802936963923,113.41355895996094,107.81566619873047,121.34111849820063,545.1150512695312,108.06412506103516,100.4713782,47.58549766356053
2016.0,11.0,229.82022596501565,215.20031347155745,174.29798889160156,365.7530822753906,442.3714294433594,209.7425079345703,133.0970927,448.5950927734375,322.2203369140625,117.1264800233336,72.80564880371094,263.579227080215,180.27574157714844,138.72195883609854,387.97082185732955,80.81270229245058,233.34312438964844,108.3741226196289,219.29799985887513,816.2022094726562,254.101318359375,126.0715626,89.25954907951622
2016.0,12.0,186.08800578367303,186.7729169531476,166.67958068847656,422.5247802734375,298.57464599609375,161.1177215576172,130.5673617,408.2675476074219,246.81427001953125,155.93981268912725,117.88623809814453,262.973404952909,159.45263671875,140.8139084684894,375.90697449077265,51.02601179516531,323.7820739746094,115.9175033569336,191.17178762078254,468.021240234375,161.42477416992188,88.91453478,108.77404465597604
2017.0,1.0,249.4837075473338,255.42226394331243,138.90890502929688,330.928466796875,338.15545654296875,158.48245239257812,306.037496,462.9656066894531,335.6415100097656,134.5876787740653,84.12655639648438,162.541603520329,112.9060287475586,143.1726348880837,391.798399614048,65.31913869020755,400.0167541503906,108.23075103759766,275.8454969727438,539.224609375,195.04063415527344,134.3558552,161.46822549445062
2017.0,2.0,187.1032928315184,189.75558084888868,77.74121856689453,371.6051330566406,257.4891357421875,145.8275146484375,176.3995805,379.42596435546875,170.4004364013672,136.87836450583197,137.4004364013672,81.9288649323118,114.100341796875,125.65351925693318,299.67484698430616,55.269594422710156,227.8781280517578,106.89262390136719,194.38084784215863,445.97406005859375,177.7777099609375,131.4163628,99.24703755369127
2017.0,3.0,239.1878721432928,250.24312859266627,90.88209533691406,676.9550170898438,262.14935302734375,129.244140625,349.0531329,521.5641479492188,222.12301635742188,147.39787176265708,65.6751937866211,148.200530916792,98.55571746826172,123.72235241967543,220.40216245574052,63.29592033141658,291.4149475097656,100.3365249633789,262.747209190578,418.6566162109375,154.60968017578125,90.07738094,69.89384801077814
2017.0,4.0,178.23111752982874,177.869298691183,82.15448760986328,550.1685791015625,199.6622314453125,115.46674346923828,174.1927712,574.6331787109375,204.8388214111328,106.67183881993982,81.3338394165039,241.274615293661,61.85898208618164,102.65793020291895,165.39695140893426,62.86386071411661,143.63006591796875,89.54013061523438,177.42118774117762,335.475830078125,157.67654418945312,94.5500365681551,48.14061572551249
2017.0,5.0,145.512403915791,142.73368040790734,66.11273193359375,407.8592529296875,262.1275634765625,94.1533203125,130.7553519,288.26043701171875,151.38441467285156,89.99797498314005,39.26336669921875,225.16691402538,62.90182876586914,101.35597621082852,118.96201597212556,83.71380310889488,139.03436279296875,104.64061737060547,137.69419117380838,470.2643127441406,129.8880615234375,96.3601986302197,61.229022870037056
2017.0,6.0,173.71892359304385,175.60601807063787,72.20374298095703,230.9700164794922,206.44093322753906,99.34968566894531,227.6597283,308.5653076171875,192.2242889404297,101.79160895147753,59.06988525390625,197.80535393963,99.64901733398438,85.80286929601093,118.95075936465865,37.51863517046753,107.03202819824219,108.39498138427734,184.03447794740745,709.7437133789062,120.63846588134766,80.924213646773,42.05119538825183
2017.0,7.0,167.6048615571174,172.37902722802704,95.78465270996094,267.19940185546875,233.18309020996094,111.62386322021484,228.2414925,176.46954345703125,142.7123565673828,70.2253119254391,62.02988052368164,237.853557315616,74.03366088867188,75.34431568383383,97.31102291515812,108.00034288728746,181.0517578125,101.37307739257812,175.36766994698985,466.4747314453125,141.13832092285156,116.464470027202,23.745011828265863
2017.0,8.0,141.67123050155007,141.83861671080984,50.78049850463867,309.6709289550781,241.76702880859375,96.54446411132812,164.6848328,164.05328369140625,104.73080444335938,86.47625565349057,37.68947219848633,83.0009809382619,31.701534271240234,78.11241194866614,90.0342941920303,94.35353782989745,149.64942932128906,66.64569854736328,139.74787867165261,441.479248046875,137.85971069335938,82.7571187522891,52.71893553451954
2017.0,9.0,159.68989765733457,163.5386274069365,64.2312240600586,326.51495361328125,277.7945556640625,96.22010040283203,206.3844492,256.47821044921875,164.52679443359375,93.51073385237449,78.03064727783203,196.706638772404,91.1942367553711,89.08432140891595,102.08993532568371,66.26802518386533,101.00840759277344,94.9796371459961,166.93816234931947,457.8815612792969,116.6200180053711,105.009272746394,27.02212216413927
2017.0,10.0,145.65026167385273,149.87426585880743,75.12644958496094,190.5667266845703,221.3157501220703,110.98107147216797,142.533602,227.00538635253906,142.697509765625,85.44595698263616,83.3947525024414,154.5327354196,66.27056884765625,94.16194600614155,120.31855309605211,161.3143409270815,274.8133850097656,177.32598876953125,141.4079429714161,485.8477783203125,125.86585235595703,99.2295505681544,67.03946593367142
2017.0,11.0,162.0475305801324,168.10006262308235,86.14002990722656,279.8699645996094,233.09710693359375,128.20068359375,206.0377588,251.36941528320312,189.63558959960938,68.6557954111242,62.91197967529297,187.011539519407,63.299964904785156,85.7414264556176,93.28915902704856,88.01606732050456,250.4549560546875,130.8123016357422,166.16394905309366,520.0068359375,111.28268432617188,93.3590913412785,63.94220009908923
2017.0,12.0,150.1189021544243,155.61939820513842,91.9229965209961,215.572021484375,190.2587432861328,157.99623107910156,167.6842327,194.6321258544922,110.69769287109375,56.45729871397638,81.98847198486328,226.623838739282,62.125205993652344,73.79757978711733,111.02998513478614,78.89022878630365,320.6600646972656,126.7371597290039,148.22551710220858,419.09912109375,140.3501739501953,82.4456210040674,59.61513843475345
2018.0,1.0,180.48141870546138,180.20591695454513,48.901424407958984,165.00503540039062,343.7724304199219,96.98555755615234,265.0796087,221.1375732421875,150.0355682373047,77.42102553198542,39.42573928833008,163.69993158856,102.95852661132812,66.08329446181664,95.63025873364352,70.65407995878091,72.88907623291016,112.77650451660156,185.7694649451723,395.8885803222656,160.9672088623047,122.518347404624,66.29480293579725
2018.0,2.0,128.01718389909237,130.83360315712056,67.91407012939453,68.46357727050781,365.2680969238281,84.59098052978516,149.602152,192.0305938720703,97.52896881103516,83.76718802934623,79.90937805175781,200.493028120353,79.05917358398438,92.89299678754135,71.15735386381509,58.73068756359309,206.4594268798828,105.40119171142578,126.80728188689038,205.92892456054688,114.75556182861328,131.322474617468,54.96923229933992
2018.0,3.0,184.43191124502565,181.56232165874425,84.09331512451172,101.2052993774414,449.6239318847656,91.45455169677734,254.1363255,195.5721435546875,113.25939178466797,86.57256107986827,42.035430908203125,150.67010189821,77.47655487060547,82.61224504066351,129.41899100517242,83.30922991419004,87.8468246459961,93.32933044433594,190.05314953909505,388.92645263671875,187.0958709716797,102.249745142469,45.432122011675496
2018.0,4.0,167.54926890136545,173.5819054444155,48.26454544067383,152.25094604492188,303.5407409667969,88.6574478149414,241.739357,187.36109924316406,127.53606414794922,93.00212063064428,34.92319869995117,159.881498270843,77.24937438964844,87.16448738326282,103.85592549279596,109.08530181926253,332.2618408203125,103.66265869140625,169.74285532286973,289.2259521484375,139.03536987304688,105.656727050096,56.69057946999486
2018.0,5.0,173.4820116083192,172.62118812581292,75.62255859375,179.8089141845703,257.3476867675781,106.71905517578125,210.7990925,303.05389404296875,178.8854522705078,116.71194165388117,37.556758880615234,73.7914607403891,135.1813201904297,83.96205559734769,134.96425153740816,60.67618017928155,217.15745544433594,140.21331787109375,173.5664077612035,355.05523681640625,162.2766876220703,115.363297382533,84.17989782805044
2018.0,6.0,166.41611630501833,163.58535428065198,92.40486907958984,152.19320678710938,428.06866455078125,94.419921875,203.0892821,331.2620849609375,209.00205993652344,94.57866319285756,47.165748596191406,36.6791837048076,129.37376403808594,89.53081726439697,126.32938875082154,73.56643688679074,69.94087219238281,132.8039093017578,169.85328204898082,371.71624755859375,134.40277099609375,101.777035346692,75.62917460616492
2018.0,7.0,232.14825629415978,238.62026183298073,107.84212493896484,182.8765411376953,292.01763916015625,117.40718078613281,395.6720601,239.72984313964844,219.1371612548828,76.72701666073046,63.24722671508789,282.127765252969,101.33783721923828,87.47064313737262,155.15387288758882,72.02636308986462,120.5075912475586,96.50473022460938,255.17322532999341,372.043212890625,176.20509338378906,106.448333912503,44.1575806503158
2018.0,8.0,174.7439242098499,182.2319292355351,87.8907241821289,129.4791259765625,359.6187438964844,121.70246124267578,269.4765344,184.52114868164062,174.6761016845703,130.15444552304606,77.7150650024414,123.321248521155,87.70552825927734,115.71223944606565,149.48441413388326,55.08304435706974,212.81773376464844,78.21145629882812,189.87745165361622,302.5617980957031,114.96138000488281,104.519769386879,73.36435419419047
2018.0,9.0,196.17743634752517,205.84797358840544,81.04080963134766,130.2354278564453,271.8350524902344,126.30193328857422,314.0877032,230.68048095703125,231.35667419433594,118.81090114080087,63.50946044921875,115.396005359495,109.4473876953125,108.80160892429423,153.9600571840882,88.92234580331515,289.822509765625,109.84809875488281,212.63867686850313,364.9650573730469,120.98519134521484,114.239655549595,48.74727601038611
2018.0,10.0,216.8102887432153,225.95935388896473,75.76948547363281,260.16693115234375,296.1542663574219,93.87921142578125,343.3703494,302.2928771972656,193.9070587158203,130.8627919866207,63.916053771972656,146.919627451651,148.8724365234375,103.00575278917177,176.21107926746345,76.91546693303349,247.70269775390625,149.11904907226562,232.87042976071726,451.38800048828125,136.11465454101562,107.941615403817,86.68230713200627
2018.0,11.0,251.5484923617006,265.3688590079915,88.82538604736328,177.4669952392578,322.5440979003906,121.58818817138672,438.2358972,274.4579162597656,148.17274475097656,101.84838772481302,68.80318450927734,191.771219496345,139.26295471191406,111.16456118272264,203.24537110302978,108.81258642053514,337.34747314453125,138.01336669921875,276.82509543299665,451.1716613769531,164.94219970703125,105.0861506896,128.89160521637862
2018.0,12.0,222.76299285405602,218.3552899090525,110.49185180664062,281.9073181152344,290.3946533203125,132.3369903564453,248.4691029,339.5765380859375,225.8979034423828,93.47175763678622,66.13168334960938,217.39565295882,187.6355438232422,138.98579272920924,243.03355805315084,85.58024465430275,175.41590881347656,127.73059844970703,226.85326826198545,468.7466125488281,226.57688903808594,115.089633978385,61.20571478404347
2019.0,1.0,246.6237274295827,243.7158717420112,104.47289276123047,127.06861877441406,301.89996337890625,142.33934020996094,288.099468498562,363.0477294921875,168.0872344970703,115.79874619585125,64.73834991455078,202.67313163101,169.9978485107422,129.4055804546203,249.4365022025931,128.440840779881,334.68365478515625,131.0411834716797,252.3981066560681,406.90740966796875,284.13592529296875,115.178637098609,83.45544648970707
2019.0,2.0,175.48518048075968,177.86814789992968,140.26930236816406,154.83546447753906,266.60595703125,90.45370483398438,239.986444362618,267.5835876464844,155.94647216796875,108.66235787710755,50.119773864746094,81.0074385062717,158.5883331298828,119.90393399276132,146.82376112382318,96.74544805466888,125.48890686035156,132.00209045410156,190.37651987837967,460.38433837890625,123.6392822265625,99.9505560850919,106.42291851292491
2019.0,3.0,244.11788255599978,251.85882987638382,106.83219909667969,158.12982177734375,250.5367431640625,107.09580993652344,411.150064266454,238.6893310546875,248.3747100830078,80.90393129893388,40.58510208129883,76.57027431,107.76083374023438,123.04046942907212,172.99476266424512,72.63114701972346,203.0715789794922,116.68341064453125,271.31358612322254,417.9817199707031,180.63168334960938,91.6843567875793,82.30194198042888
2019.0,4.0,193.89965683312334,204.92016884478554,102.84971618652344,164.66990661621094,297.6471252441406,139.2981414794922,319.414764482013,206.50389099121094,198.25047302246094,96.84319571175212,60.45342254638672,80.2577945994147,145.0856475830078,115.76910926654939,138.91117841228063,91.59250844647269,223.4542236328125,130.68490600585938,213.73292359664526,350.9757080078125,109.68636322021484,83.2598511645703,50.411853324628694
2019.0,5.0,226.78967437213407,238.27451033946343,186.14723205566406,184.26698303222656,275.6019287109375,125.86678314208984,365.101499996138,159.84600830078125,145.9243621826172,98.05873646731077,83.6425552368164,111.55889632584,163.9696807861328,128.9566139539682,230.14575177951917,114.27016871693924,256.2510986328125,123.73332214355469,254.30734666890007,400.5489807128906,160.858154296875,106.72016560089,70.57819582073257
2019.0,6.0,327.03523606883186,350.03045891586095,104.01030731201172,146.99160766601562,339.0718994140625,153.42147827148438,649.072535816154,244.02554321289062,171.3699188232422,91.8929853227121,72.85343933105469,234.355710884504,114.65299224853516,144.19939012192248,248.52886993703726,130.62672025292096,308.5686950683594,116.38347625732422,379.0424866792495,354.841064453125,207.9913787841797,83.9172673130249,97.639585119967
2019.0,7.0,252.6388836805744,259.8561942074757,87.19429779052734,79.8370361328125,333.2489013671875,117.08212280273438,375.902337503833,269.49664306640625,246.24191284179688,81.96214983300641,70.45083618164062,123.321248521155,88.91676330566406,157.82462684374087,316.85546123239686,148.4283819096801,317.8851318359375,132.63291931152344,279.15583509883993,435.4997253417969,207.74546813964844,114.693268611729,73.01489448284993
2019.0,8.0,294.3970011616481,293.1981802654853,195.44833374023438,161.17811584472656,400.904541015625,202.29322814941406,395.985799059666,287.8340148925781,314.2581481933594,93.94854721205046,81.6747817993164,252.704671399743,112.59803009033203,144.81034716013878,538.1767645085487,87.6386411974971,185.52218627929688,128.254638671875,330.5949949121603,505.47772216796875,282.52294921875,144.060617719818,117.06529494936532
2019.0,9.0,240.23526250901344,250.50445589675445,133.9551544189453,187.5530548095703,358.1484680175781,208.91868591308594,347.394796595017,275.0495910644531,207.2343292236328,59.98455853755951,105.54432678222656,225.517417960041,111.8492202758789,119.20094981932417,275.19854739201594,103.97310185309266,326.32568359375,164.8262176513672,260.7160967945997,429.23980712890625,186.6407012939453,96.0316350478513,112.92948359112893
2019.0,10.0,203.92827165911427,208.95446486857173,135.1311798095703,178.19937133789062,495.85235595703125,195.6898651123047,234.095232475743,267.709716796875,210.18507385253906,37.69572072139725,90.66387176513672,193.095702655353,95.26594543457031,108.47184738612144,274.0244017429382,87.09789383973609,373.7358703613281,157.70330810546875,211.21905040683447,542.4783935546875,159.5113983154297,109.725332863692,97.53976897637953
2019.0,11.0,246.7626559951202,259.36974506763,115.61842346191406,171.05238342285156,364.876708984375,280.2630310058594,396.179000284422,246.59494018554688,181.50482177734375,44.20294498695373,50.364681243896484,198.433424730996,89.5210952758789,118.01917847240345,239.35595029354025,81.38070353522085,431.2469482421875,164.8609619140625,268.8240441501385,459.14111328125,170.4803466796875,118.2648503689851,106.20496053650959
2019.0,12.0,234.68649485166162,244.621386533282,130.49595642089844,183.18560791015625,315.9803466796875,283.6990661621094,337.921465033862,244.38812255859375,207.24612426757812,41.967523780416,106.03553771972656,47.2603450182274,149.83251953125,113.40319894584442,257.8861252169331,87.32894477958624,323.16766357421875,144.70758056640625,253.3440711039963,407.36199951171875,190.50491333007812,90.8141,130.48063912649573
2020.0,1.0,194.35931956728533,199.42663643617422,100.99530029296875,130.71536254882812,275.7078552246094,210.95326232910156,250.321903500956,254.26959228515625,131.50759887695312,67.1252441687311,48.135433197021484,213.93728473817,127.8734130859375,107.5727987903192,255.23049479886896,95.01275313465345,346.3397216796875,142.4266357421875,207.15469002916197,390.30474853515625,164.7553253173828,100.479008754881,110.98279000398534
2020.0,2.0,198.65659597512538,198.09657304117113,144.910888671875,232.25318908691406,380.23370361328125,237.57049560546875,195.706169373674,238.52342224121094,304.094970703125,72.25363513575242,92.64915466308594,168.837911165634,106.60549926757812,114.54396658363177,159.1516521890693,92.53933883167173,283.86865234375,136.22872924804688,194.10387473075977,238.03451538085938,216.1912078857422,117.0541400836211,89.10796883608548
2020.0,3.0,320.25775855449734,311.567901301411,311.97369384765625,368.89984130859375,569.6582641601562,265.7336120605469,219.402508980348,367.15704345703125,498.0574645996094,78.46657618910848,110.09843444824219,229.909663711264,225.07435607910156,203.35547427313398,224.87156131391987,133.0275406399938,793.634521484375,251.94215393066406,289.21147599942464,386.6355285644531,425.7792053222656,183.180891845507,143.0392389511395
2020.0,4.0,331.55608303731066,334.9766594393689,244.8077850341797,312.1482849121094,448.4046936035156,314.8587341308594,328.805400300115,320.1627197265625,374.9469299316406,73.43985002889252,160.8216094970703,364.107118338716,211.46612548828125,175.59624561587455,211.49461520169453,203.63433041550525,693.5675659179688,253.05889892578125,316.40985140863125,322.8698425292969,400.9447326660156,149.714053277933,155.528490922257
2020.0,5.0,420.7417813277197,424.1125449663939,202.0917510986328,308.7680969238281,678.817138671875,345.6534423828125,501.33444442373,305.8370056152344,397.71600341796875,75.03775803986774,167.75021362304688,367.344425392357,174.2810821533203,205.39673792951766,252.08681518200035,161.4805449944543,680.4813842773438,261.6097412109375,414.0642515400783,291.24945068359375,503.9633483886719,130.4850350886061,113.72834046867126
2020.0,6.0,314.26848288666866,325.13351340712103,132.50390625,115.94078826904297,504.91217041015625,263.3227844238281,421.641110933879,321.69085693359375,278.8721923828125,65.72205365546051,75.14697265625,358.750018913086,156.47174072265625,159.01390359446958,224.39120647472438,110.93499044050377,743.9255981445312,202.88333129882812,318.1983314786867,294.3222961425781,300.2401428222656,109.6818773996919,104.16645784120135
2020.0,7.0,316.94937274021834,308.70496463984534,213.66018676757812,170.98394775390625,551.5302734375,240.9942169189453,324.662566170534,242.34146118164062,312.9316101074219,72.79184881701546,107.7537612915039,287.203214059856,150.8663787841797,138.22516486492358,160.69753512247394,95.62438224723226,483.3341064453125,181.4896240234375,301.4070994835798,343.81097412109375,427.91534423828125,113.8988526869558,48.36795710650228
2020.0,8.0,294.22599297265356,304.4329421174711,196.51242065429688,263.135009765625,415.3155212402344,250.52,451.631087851069,202.9508819580078,215.7382049560547,52.91562561675709,115.05743408203125,227.01122991661381,160.26182556152344,126.08478780457204,162.82071084079965,120.9638177902932,223.6204833984375,175.0711669921875,312.84822176169416,293.55096435546875,263.471435546875,107.869208681997,69.90359703354034
2020.0,9.0,314.8173089113944,328.00333062977825,150.9486083984375,227.6854248046875,422.5006103515625,257.844970703125,493.402039705619,432.6912841796875,295.3185119628906,79.5655087534552,82.27406311035156,245.75816701590387,169.11854553222656,121.75688342637612,136.2968058978634,118.326554192614,392.8705139160156,179.4755401611328,331.58466827622715,276.29083251953125,252.58782958984375,97.36577877826264,65.69602528868637
2020.0,10.0,310.06682621958123,313.18465651012497,188.37811279296875,345.43572998046875,497.6116943359375,299.67279052734375,396.79674987595,358.2684020996094,443.7424621582031,81.10953935113298,95.48763275146484,170.42912468574332,173.7636260986328,95.52304676894062,189.37909606061226,135.77086931976748,306.67950439453125,223.81822204589844,312.61225539706936,322.7706604003906,305.7666320800781,114.5822200882428,69.03883507001231
2020.0,11.0,404.8836201060566,421.64403409906873,192.4013214111328,265.04974365234375,455.047607421875,224.57679748535156,661.82804828749,403.88629150390625,387.4944763183594,76.34927372148363,69.49671936035156,285.0201357504366,279.3891296386719,128.51792196160645,287.6910663124305,107.44442062175924,502.58514404296875,175.0206756591797,436.96484664785095,313.8418273925781,327.6095886230469,83.0849855687789,73.8865564228552
2020.0,12.0,307.36724934943396,315.11383979727316,108.12873077392578,324.88372802734375,371.1810607910156,215.79254150390625,439.123635430217,257.267333984375,227.94400024414062,61.99056494167042,69.87849426269531,244.17663893581985,141.7285919189453,105.19020355920868,182.5121801046181,89.12148644020341,437.840087890625,177.6051483154297,314.1828363592016,210.90306091308594,326.6166687011719,82.2170021095083,78.49791540341708
2021.0,1.0,276.4780503666535,283.3187814552742,144.7079620361328,204.1461181640625,290.4154357910156,208.09889221191406,378.35705309334,276.37225341796875,210.23208618164062,53.63250324460932,83.66126251220703,258.9355486253357,247.12469482421875,115.78173120401388,212.1215443064614,95.70694064086334,503.0057373046875,152.2834930419922,283.6749872355547,199.22393798828125,261.30615234375,114.098389307363,111.12366872895511
2021.0,2.0,197.43269227664675,200.1679891856918,92.55169677734375,201.5782470703125,323.2082214355469,187.62525939941406,237.408613576867,226.4303436279297,223.45362854003906,89.41066253531694,51.77738952636719,152.02659995369697,136.78912353515625,106.64177817684802,130.92147714547616,46.42575744687305,417.9085693359375,148.29005432128906,192.920740194587,172.0104522705078,187.51962280273438,105.8284492008003,74.06746545577806
2021.0,3.0,215.87111120794535,221.53261501859527,67.00852966308594,184.3842010498047,344.1619567871094,197.89236450195312,302.30058172503,258.44635009765625,263.6632385253906,57.59138038128594,40.932342529296875,195.97188028771086,175.087646484375,84.63437319464867,140.73144644288777,102.00750885761187,375.68243408203125,153.3734588623047,218.20551179004093,211.3199920654297,166.78553771972656,91.6834532483176,91.16689421686581
2021.0,4.0,198.23460321243005,206.48369580672235,105.92302703857422,143.50604248046875,267.8850402832031,251.99134826660156,289.630033571675,186.40504455566406,236.3790283203125,70.3155455856046,78.98831939697266,285.658764779678,133.86843872070312,88.76916442844063,161.61112239321835,117.86195411119058,282.94073486328125,139.83242797851562,210.0093123191158,174.97535705566406,141.3001708984375,81.29350030718702,69.6693234280538
2021.0,5.0,176.19199724303462,179.89884290197725,150.1909942626953,115.9755859375,194.56556701660156,371.9423828125,216.860559066636,210.55606079101562,168.6125030517578,51.885369860040754,73.24380493164062,183.2140644121151,59.527957916259766,73.34563611517834,138.28024167985194,69.96906894620189,348.4590759277344,140.44772338867188,177.9435345643841,171.2383270263672,172.09619140625,95.40216671778931,78.603222160704
2021.0,6.0,173.66680625587492,181.23428421323726,100.78250885009766,200.03585815429688,172.38162231445312,339.92449951171875,219.762804790051,219.50013732910156,192.4976806640625,70.76922263739841,58.32845687866211,184.48666047488646,104.80567169189453,83.41509693786503,145.22896897283337,94.44441425651364,420.3439636230469,138.34951782226562,175.233375256611,124.26289367675781,149.13125610351562,88.47147768899363,74.3117365366792
2021.0,7.0,192.115411161683,190.65836251606945,80.37297058105469,62.59100341796875,325.613525390625,313.06158447265625,227.924511338185,251.80142211914062,346.4342041015625,74.57849800753041,76.85725402832031,234.06313196954227,61.540164947509766,87.62489458819152,150.9400402234748,52.787697660468474,224.52737426757812,154.5065460205078,192.05010750088655,178.62498474121094,182.17141723632812,116.1004172350071,64.23336681057651
2021.0,8.0,205.4364009553549,210.2341172280997,102.98961639404297,194.31900024414062,210.10528564453125,215.0234375,294.827804953211,231.69912719726562,364.09979248046875,40.869890013414654,69.15764617919922,253.98339852014163,41.30713653564453,77.40460877544936,184.03657679001142,124.23143873568941,185.33151245117188,116.8482666015625,220.3398087073686,175.76510620117188,157.1951904296875,76.1612367713807,37.98455923990453
2021.0,9.0,215.6718122403102,220.05266910688033,126.27228546142578,282.2317199707031,391.9559631347656,284.32208251953125,274.950023143039,236.94297790527344,361.9670715332031,63.73371125365071,48.91963195800781,240.56893427902685,102.89990234375,111.66207078471729,166.59033818144619,95.81999532187419,377.2543029785156,120.61072540283203,218.53479753337717,159.41848754882812,171.3004608154297,125.2966036934469,54.35100182252835
2021.0,10.0,190.87943818953735,195.53073812288125,94.79605102539062,260.65826416015625,210.52505493164062,439.0316467285156,248.473635337268,270.2298278808594,304.22576904296875,40.488585127740336,39.94632339477539,232.73002322228967,70.7209701538086,123.35977796010968,205.40688742678535,131.79837707835605,268.3446044921875,147.5626983642578,201.97491695444845,206.546630859375,136.9202423095703,118.866661482041,69.47987906202171
2021.0,11.0,233.4496691249412,234.91654455772948,106.49597930908203,266.7349548339844,258.55853271484375,454.57940673828125,329.069390994896,310.08135986328125,395.5716247558594,81.92070438025698,23.35275650024414,179.71455697937733,102.59614562988281,94.37503891603427,217.7257613726554,85.66032703435961,204.4530029296875,155.97068786621094,247.5824523027833,243.691162109375,175.8728790283203,107.8369593923084,86.74360226610264
2021.0,12.0,263.88593707362116,267.8143930604346,101.67900848388672,147.2243194580078,336.5709533691406,395.7929992675781,344.003352178407,331.31549072265625,597.9362182617188,65.1715789369912,72.32533264160156,415.00490469130955,128.3232879638672,91.75652380259105,255.3887188216502,119.99535067863434,393.860595703125,159.57528686523438,272.743653164553,207.1046142578125,201.43365478515625,98.0314865094674,49.097593029597434
2022.0,1.0,226.45670542820747,233.86611032758714,66.05541229248047,201.1039276123047,213.8743133544922,271.124908447265,319.071530807706,313.7880859375,478.20452880859375,37.78620818452351,70.02399444580078,324.0050491033097,123.73613739013672,103.83975990837706,228.8024270483159,106.64540965496607,275.27105712890625,124.22967529296875,233.84623326332957,186.75595092773438,155.2796630859375,89.47613830483881,85.1344894622657
2022.0,2.0,178.5644403903801,186.51485304517678,96.93419647216797,158.1888885498047,218.40916442871094,278.3192138671875,167.081875584505,298.9066162109375,394.11907958984375,51.651686472486574,91.1966323852539,259.9174448953522,119.77629852294922,91.17209163340877,270.1533185291024,81.73691639336369,702.5748901367188,133.50860595703125,171.47913040548536,111.0992202758789,140.4425048828125,133.6533714165458,81.5931650434235
2022.0,3.0,302.4234551063874,305.92876637859626,269.9468994140625,216.10723876953125,404.5340576171875,299.9352111816406,359.005178984309,429.9355773925781,785.025634765625,87.66351408363126,120.69873046875,239.41691403036677,139.12014770507812,127.37707200043874,364.9962042915318,183.29946138276094,382.16558837890625,169.82452392578125,312.5504123108393,311.4734802246094,229.24473571777344,123.2370280938647,85.25172120790413
2022.0,4.0,273.4298067404653,288.3391639672753,214.49607849121094,109.70930480957031,300.5696105957031,319.99554443359375,337.153789726457,322.8414306640625,707.8744506835938,66.31639547742537,90.13009643554688,180.68240748465178,129.17140197753906,105.44259733434231,233.9176812057925,229.6256600630677,964.1406860351562,164.84947204589844,262.3801924119869,243.4105224609375,168.82774353027344,116.0253493522488,102.83195580845388
2022.0,5.0,281.1279537208757,290.8332859373045,170.1884765625,139.8118133544922,303.72259521484375,336.515625,386.750242902272,380.5905456542969,616.0472412109375,58.76403735384518,69.11617279052734,319.33049474293733,132.83851623535156,101.98126217246437,287.7822541615002,313.8079630026767,470.90142822265625,151.87469482421875,287.54577015197196,257.3088684082031,190.45301818847656,132.4521099899818,42.381061473844724
2022.0,6.0,252.80778671715754,265.64971282286695,97.94123077392578,188.67367553710938,143.73265075683594,361.6209411621094,328.094950109791,420.58770751953125,589.1642456054688,59.63572679068958,65.477294921875,378.1949175946909,137.63568115234375,134.63257056308598,250.10467281871445,198.7149281993748,659.505126953125,166.84375,252.55140581934617,266.2120666503906,152.81056213378906,87.45601625076607,40.428121683252854
2022.0,7.0,298.31313276205225,305.81025857980325,94.44258117675781,228.89744567871094,212.43017578125,447.46160888671875,359.977442421623,495.31646728515625,765.022216796875,63.826140756332364,81.2920913696289,442.4085599088797,125.29542541503906,115.00622174976387,289.7007691104705,282.51868812519,575.20751953125,175.80950927734375,292.60841665563737,347.9097900390625,222.7899169921875,128.7774430174565,66.26282401474752
2022.0,8.0,239.61456649887785,242.08024728261972,132.91160583496094,172.89785766601562,378.9809875488281,406.2378845214844,260.880966957428,231.02197265625,742.7387084960938,58.61327453279112,72.4181137084961,268.2013394786374,116.8359375,110.37865020853927,219.96499802112626,201.23176131765408,462.37835693359375,141.78741455078125,229.52786587185994,270.2275695800781,183.03482055664062,168.6649384954041,84.41846752239063
2022.0,9.0,252.61450778808256,254.32246218163783,133.8139190673828,206.03848266601562,257.07049560546875,450.09100341796875,242.556936393941,255.82427978515625,844.8547973632812,78.95252152989556,67.740234375,368.89324861449734,173.12962341308594,101.33622671220036,240.21634535882956,141.39029393042608,683.0589599609375,151.26394653320312,233.45851970989887,343.6126708984375,201.7384796142578,135.8299417189513,104.56990074652369
2022.0,10.0,269.0546470574706,269.3816730800331,277.78875732421875,197.0118408203125,320.033935546875,354.856689453125,259.049214802676,372.2764892578125,753.229736328125,52.18105791143538,90.5030288696289,356.61400481446236,96.8218765258789,114.18041885558817,324.0391821099277,151.91232415791313,619.3462524414062,177.71066284179688,263.34151819396465,548.2783813476562,207.27532958984375,,75.8086543482457
2022.0,11.0,316.95929795087574,327.4263194628471,143.30967712402344,236.8797607421875,271.5195617675781,220.88536071777344,448.588845798041,302.97607421875,767.656982421875,54.01414872793472,77.12625122070312,307.05565202594,86.1898422241211,105.75056152759215,256.8474818674381,168.13618931212886,559.2921752929688,171.2546844482422,317.7566141735441,394.9049072265625,210.3749237060547,,59.0616464679871
2022.0,12.0,244.35662154604373,256.1258688829618,174.281982421875,293.999755859375,310.054443359375,303.14434814453125,310.496979941266,261.96710205078125,584.1854858398438,32.980127289077366,78.09208679199219,389.63785672729307,78.63340759277344,110.49191458619083,260.7699787188116,225.32454007062296,571.86328125,147.88681030273438,246.0667532751483,247.4495849609375,150.03712463378906,,60.04516103851396
2023.0,1.0,220.85253806352262,229.43470907073205,115.35894012451172,255.69158935546875,232.5386199951172,249.8270721435547,275.41359579382,296.3216552734375,520.1256713867188,86.95958998134046,50.974876403808594,269.56233580964226,100.37407684326172,100.72671787233587,251.36823873601975,199.6260018745059,392.5497741699219,155.27496337890625,228.2839335804559,267.3662414550781,161.4271240234375,,120.56540675824179
2023.0,2.0,246.0730616199894,263.5794920922101,206.17352294921875,194.12205505371094,254.61509704589844,208.50469970703125,364.287677422576,327.7979431152344,472.1092529296875,62.290593904655125,126.7494888305664,137.39573954216004,117.90850067138672,116.6787037938731,264.3936800743113,177.1851333360181,264.409912109375,138.87986755371094,271.1931701765589,267.9847106933594,152.96728515625,,51.66209512863876
2023.0,3.0,320.16716632020103,339.98251718731456,190.02877807617188,232.25318908691406,339.54156494140625,248.40475463867188,516.976889834461,382.92596435546875,572.4735717773438,91.6656365253479,72.3856201171875,307.7672526100094,128.9745635986328,124.69060259062807,326.19428717678034,137.03810193060565,356.25054931640625,149.40985107421875,352.9558072670463,297.875732421875,200.48992919921875,,
2023.0,4.0,259.8435667309295,284.48181610332347,194.65927124023438,204.02914428710938,190.4251251220703,274.9540710449219,392.605046550195,269.8401184082031,403.13360595703125,73.34492340076115,85.97074127197266,167.8376865734206,156.72842407226562,134.94619063768016,266.55093298836647,217.82793175037992,650.5323486328125,137.8336181640625,279.6653152316974,218.1575927734375,165.4175567626953,,
2023.0,5.0,214.75975620400095,214.06243660530828,148.297607421875,137.80165100097656,219.64051818847656,271.1485900878906,233.991581001473,295.3102111816406,439.0830383300781,78.80708595174727,48.45008087158203,225.76479133540354,115.48778533935547,139.91842656173878,206.3559442689084,232.72550079915285,298.45672607421875,140.4842071533203,216.86620392236316,286.87347412109375,205.17645263671875,,
2023.0,6.0,225.56617001966492,238.49183581826145,113.8924789428711,169.26112365722656,158.6246337890625,212.2528533935547,290.407627065338,214.0193634033203,481.657470703125,83.69058866471498,60.06001281738281,255.9833532297693,96.53103637695312,93.04711453561272,192.35449191294762,182.08352996983592,628.2037963867188,133.39378356933594,225.48488004155126,243.64959716796875,179.30804443359375,,
2023.0,7.0,195.2059297359298,203.27500104337264,149.32894897460938,133.688720703125,262.0433654785156,161.2164764404297,233.748247068568,236.53628540039062,520.2620849609375,47.52584099284199,55.64200210571289,239.4597272819143,105.4930419921875,96.91491665263962,184.4209526755541,191.19429863679207,423.76324462890625,151.34080505371094,197.5327668063214,276.0950927734375,132.7106170654297,,
2023.0,8.0,178.50173248162628,188.62060206145676,117.49858856201172,146.8618927001953,300.7430114746094,245.762939453125,227.150058523315,152.65545654296875,661.2609252929688,97.70743980166675,57.63816452026367,216.01232673722296,119.72514343261719,107.16671677851232,215.87197315347598,164.26014363788045,280.3018798828125,108.43668365478516,188.89006465103304,267.4250793457031,76.84422302246094,,
2023.0,9.0,204.47967522082536,213.42144221891957,103.31369018554688,172.95130920410156,202.01937866210938,201.86236572265625,249.484819266559,243.34776306152344,737.681884765625,89.18316358905095,32.909400939941406,270.93231978861036,108.98336791992188,106.76657592401479,196.18645572321503,158.3131056700181,469.60302734375,120.3502426147461,207.18565538548393,255.4273681640625,117.69878387451172,,
2023.0,10.0,193.08905907205227,199.45899664045706,125.96085357666016,207.47183227539062,389.05517578125,300.0247497558594,160.979522290178,261.8244934082031,669.5651245117188,141.69386341890447,122.11404418945312,267.62336540065183,119.6722412109375,103.88430570529806,333.5769352851053,161.15177266207706,458.6153564453125,147.13681030273438,194.2004615652912,270.9105529785156,133.59408569335938,,
2023.0,11.0,211.23745638540998,221.2394737275754,111.33332061767578,237.3477783203125,317.70892333984375,333.9415588378906,229.345970653544,282.4558410644531,626.1370239257812,139.9654770065618,104.73627471923828,261.05076205668854,155.81361389160156,101.09148794117255,239.17788614600144,114.32699164393247,474.2342224121094,145.526611328125,210.93217452376794,250.7335205078125,140.67718505859375,,
2023.0,12.0,227.3862800587525,250.09286943195727,89.37796020507812,169.6457977294922,361.6210632324219,333.9213562011719,312.794116000289,321.285888671875,672.5178833007812,123.94688548984405,128.53721618652344,283.9140734800906,70.54053497314453,100.3188122497853,233.43699786620448,149.91800710991387,568.7622680664062,140.71475219726562,236.30249489074683,162.6232147216797,107.00157928466797,,
2024.0,1.0,244.54239744865757,263.2454120216013,84.72692108154297,143.90174865722656,247.07797241210938,147.71092224121094,356.97471648219,274.0296325683594,729.8969116210938,100.9803115682449,129.90884399414062,264.13127223452227,105.67807006835938,88.52006495845094,252.68217018436462,132.13154032522635,329.434814453125,129.10496520996094,267.6491460239597,256.4903869628906,131.27366638183594,,
2024.0,2.0,170.41360779469005,182.00786071904193,122.7216567993164,113.66744232177734,198.44187927246094,153.18045043945312,170.818001770421,243.0189971923828,596.1153564453125,77.69812472609925,148.82550048828125,229.6719009040972,84.47016906738281,96.00707017358147,187.92559644477421,359.75917110146986,287.4509582519531,120.03656005859375,175.60332152576413,254.38125610351562,106.51286315917969,,
2024.0,3.0,182.39498135733737,189.89753721535533,122.73562622070312,103.41514587402344,283.2830505371094,160.3072967529297,242.846612100357,187.76197814941406,550.2747192382812,81.94731662168982,91.72225952148438,195.7235654322924,68.58421325683594,104.6992520343508,145.43604771482427,182.8124062378879,94.51129913330078,146.37762451171875,194.64108322053048,171.84814453125,116.71149444580078,,
2024.0,4.0,173.9154238261941,178.14568033070077,67.49097442626953,166.3903350830078,164.40838623046875,175.22134399414062,166.740435130865,169.77212524414062,640.374267578125,119.67415959729726,137.1750946044922,219.23193945447662,112.37529754638672,76.06820948456537,244.07826324184757,151.67822255011384,190.047119140625,141.76150512695312,178.75479158248265,190.47288513183594,139.41201782226562,,
2024.0,5.0,187.36681591320436,191.40401142926817,106.55625915527344,128.50897216796875,248.88311767578125,167.47116088867188,206.280442270518,304.4462585449219,637.041259765625,71.17110783899328,83.03755187988281,253.6275658668544,82.44744110107422,82.57277455569977,208.46108745074528,191.00332311870702,223.66209411621094,187.38909912109375,193.83448156286036,265.2623596191406,123.60752868652344,,
2024.0,6.0,175.53900858089676,175.6118807949544,91.0082015991211,237.60464477539062,198.0614471435547,163.16696166992188,124.295466936886,409.2720947265625,667.6673583984375,153.22135898578424,141.56019592285156,266.1474645028897,106.16297149658203,85.81004338614014,198.18566658284053,162.90998488307304,241.8185577392578,151.7812042236328,168.22940941190802,218.6309051513672,144.17843627929688,,
2024.0,7.0,233.2874927222027,244.8646092924179,97.25585174560547,250.15994262695312,223.07537841796875,177.63824462890625,278.561630309805,543.9325561523438,849.1640014648438,88.35135518413225,193.13919067382812,295.8824210036722,98.66045379638672,87.45109238729589,177.92652578966883,130.3584724296727,149.52532958984375,128.46844482421875,241.26319060855118,113.29084014892578,144.93679809570312,,
2024.0,8.0,194.5871068045075,202.1984665853855,155.75782775878906,153.32704162597656,295.16412353515625,241.1088622728949,207.982325897929,370.7854919433594,554.4402465820312,80.11196204446806,117.74303436279297,255.72534649914346,70.59877014160156,113.6720446808176,164.32277144207146,157.93625372944948,355.10260009765625,159.06077575683594,196.30869451303116,181.54403686523438,138.3664093017578,,
2024.0,9.0,205.76488066628005,211.62606641729235,129.10125732421875,112.34060668945312,249.48495483398438,222.91665758622193,223.656415028356,436.40557861328125,699.7664184570312,120.22240999398394,143.1869659423828,270.4327925245043,110.5798110961914,118.32587653865814,176.2977284759814,118.30497215285928,201.9345703125,148.1016387939453,211.41413672123088,303.67779541015625,127.39911651611328,,
2024.0,10.0,208.60713973687507,215.30477819474424,108.79618835449219,143.76983642578125,236.3057861328125,246.3106050354427,228.078182581377,322.2892150878906,871.0198974609375,97.91749559415355,152.8687286376953,277.52934203062597,100.49800109863281,106.72894399541576,200.8960396978088,187.96859247261054,117.86116027832031,156.1649169921875,216.29037748943898,388.3106384277344,109.29090118408203,,
2024.0,11.0,286.1715654702279,281.9809491690933,196.17726135253906,360.288330078125,415.62017822265625,393.51915229858395,233.826349569436,486.8442687988281,1095.932861328125,189.992828511765,105.3208236694336,391.4887738152499,124.80652618408203,122.66983151476022,481.3245904415343,224.72321805540363,458.6153564453125,180.67481994628906,294.06336287126163,396.50592041015625,225.0490264892578,,
2024.0,12.0,331.88483601953277,336.72508880396026,220.84071350097656,332.2041320800781,654.6295776367188,337.10475509590907,364.407874729867,567.7088012695312,984.3660278320312,144.73410795716467,142.25140380859375,362.4476561442251,133.7399444580078,123.72409245231613,872.8770264183504,181.20183184507886,267.90966796875,180.97763061523438,399.00828889779297,409.25164794921875,218.8455047607422,,
2025.0,1.0,312.8979765430537,309.6800077582786,133.69046020507812,332.896240234375,883.2801513671875,380.56022953540105,256.9,563.138916015625,1009.0558471679688,84.80376760005542,169.2755889892578,390.880516056047,98.46124267578125,129.53045521525817,789.4443847207219,194.39274660334138,400.0611267089844,191.9088897705078,348.1387523224892,458.2020263671875,236.7870635986328,,
2025.0,2.0,330.80587857445784,319.9595703778059,253.6662139892578,415.307373046875,1303.0498046875,445.82623896747054,241.6,382.7130126953125,838.865478515625,99.75922884231463,176.33804321289062,350.5860212399061,107.04153442382812,138.787036133838,585.1457258656977,157.25322291259005,538.9536743164062,147.65110778808594,332.1670383011158,331.838623046875,329.290771484375,,
2025.0,3.0,473.86809065435637,459.37896184566586,381.9329833984375,592.9868774414062,1635.4027099609375,560.4841520032494,426.836801735043,536.6605224609375,1083.1016845703125,294.84968214589344,132.86566162109375,470.9477742943693,201.14895629882812,133.71023656721977,614.288101713707,174.79168478081135,816.2255859375,174.8711395263672,465.8882614464432,657.0673828125,446.30316162109375,,
2025.0,4.0,628.1152528087642,584.6521275425574,617.2362670898438,891.5575561523438,1501.658447265625,665.8919235578345,524.835928224473,619.7481079101562,1502.183349609375,72.44648324341841,157.3135223388672,557.4723118834354,246.47596740722656,202.2879829402698,799.7648119338364,209.58491200041811,488.1964416503906,212.14144897460938,619.9689526112131,804.108154296875,724.9360961914062,,
2025.0,5.0,517.2872310382146,484.7157843271671,471.05633544921875,491.6266174316406,1398.3782958984375,529.9518736718455,494.110627612975,424.8509826660156,1203.9805908203125,35.37679880833099,98.96153259277344,437.6179358875992,170.0689697265625,213.06169125937737,588.9872045189394,197.5806887529254,314.0753479003906,183.73509216308594,517.6516562516174,676.5590209960938,563.984130859375,,
2025.0,6.0,371.6603476074957,358.5588823693955,274.1893615722656,370.891845703125,760.4869384765625,388.09581494293343,342.74215775988,445.0442199707031,929.5540161132812,66.85456666834204,145.55709838867188,367.0392559791974,165.36131286621094,153.0298471349481,529.5451147149146,178.5892809317463,345.14990234375,176.31060791015625,380.67444252884775,509.8096008300781,375.5852966308594,,
2025.0,7.0,412.35583625732295,395.3445338948545,300.00262451171875,547.8033447265625,1056.5611572265625,569.1353407976255,345.484294091692,467.3991394042969,1371.900390625,48.76548829885407,81.77808380126953,466.25655558026426,164.0475311279297,194.12933244324864,605.7063928840702,242.22919322981045,602.9005126953125,178.84962463378906,412.1937759681128,514.1719360351562,372.06268310546875,,
2025.0,8.0,348.55903429722025,332.0747970501799,162.1641387939453,365.7352600097656,978.0680541992188,439.3750190176546,301.270330304645,268.235107421875,990.49658203125,41.280312553530216,122.74759674072266,346.66376169546345,98.72051239013672,146.4543364451857,490.02193797510483,191.44118030081896,335.2946472167969,152.01951599121094,345.1226837537795,373.50140380859375,370.9254150390625,,
2025.0,9.0,311.5314008568731,297.6189053615164,119.38168334960938,309.6709289550781,737.790771484375,383.3746141068348,221.757773058414,550.32568359375,964.36767578125,47.34978557594391,165.33517456054688,374.4658217296415,135.79087829589844,151.65088908137287,497.2570326915753,191.1838473989324,355.8670959472656,163.81045532226562,308.5692544452297,357.12249755859375,321.2310791015625,,
2025.0,10.0,389.430015182459,404.5629347054088,173.6258087158203,342.3616943359375,776.0900268554688,387.8087039605927,522.430955690378,517.758544921875,825.9334716796875,106.04428272000956,131.0677490234375,361.19315934751774,125.49232482910156,164.87504335401619,444.0538513092113,179.8415204225527,523.25732421875,186.8289337158203,418.3266827617946,313.8160400390625,282.4214172363281,,
