Year,Country,crime_index,foreign_investment,gepu,cpi_score,log_fdi,crime_index_std,cpi_score_std,gepu_std,foreign_investment_std,fdi_lag1,crime_lag1,cpi_lag1,fdi_change,crime_change,is_oecd,is_brics,development_level,time_trend,years_since_2012,crime_corruption_int,gepu_corruption_int,crime_corruption_ratio
2012,Australia,47.5,57571285654.7447,140.266357421875,85.0,24.776289767410912,0.2982118367415231,1.2725164854267341,-0.3728639185862627,-0.07999945185942899,,,,,,1,0,Advanced,1,0,4037.5,11922.640380859375,3.1666666666666665
2013,Australia,47.5,54472699003.5959,110.67232513427734,81.0,24.720965477391562,0.2982118367415231,1.0698403671562646,-0.6076310066721528,-0.11493677967673889,57571285654.7447,47.5,85.0,-5.3821737970748735,0.0,1,0,Advanced,2,1,3847.5,8964.458335876465,2.5
2014,Australia,47.5,63204516347.8725,77.6370620727539,80.0,24.869641596746508,0.2982118367415231,1.0191713375886473,-0.8696971028950542,-0.016483388068419338,54472699003.5959,47.5,81.0,16.029713056259954,0.0,1,0,Advanced,3,2,3800.0,6210.9649658203125,2.375
2015,Australia,47.5,46892808567.8515,108.0818328857422,79.0,24.571130165201296,0.2982118367415231,0.9685023080210298,-0.6281811742190245,-0.20040191161833304,63204516347.8725,47.5,80.0,-25.80781995109762,0.0,1,0,Advanced,4,3,3752.5,8538.464797973635,2.261904761904762
2016,Australia,47.5,42970225977.7088,67.03876495361328,79.0,24.483773293684084,0.2982118367415231,0.9685023080210298,-0.9537725451717207,-0.24462999663621662,46892808567.8515,47.5,79.0,-8.364998194695294,0.0,1,0,Advanced,5,4,3752.5,5296.062431335449,2.261904761904762
2017,Australia,47.5,48199372039.9014,138.90890502929688,77.0,24.598611829700285,0.2982118367415231,0.867164248885795,-0.38363247970438874,-0.18567008660378778,42970225977.7088,47.5,79.0,12.16923100405678,0.0,1,0,Advanced,6,5,3657.5,10695.98568725586,2.0652173913043477
2018,Australia,47.5,60686639529.9229,48.90142440795898,77.0,24.8289894041938,0.2982118367415231,0.867164248885795,-1.0976546151831765,-0.04487306946064259,48199372039.9014,47.5,77.0,25.907531491663494,0.0,1,0,Advanced,7,6,3657.5,3765.4096794128413,2.0652173913043477
2019,Australia,47.5,38745129661.1196,104.47289276123048,77.0,24.380270898681943,0.2982118367415231,0.867164248885795,-0.6568106072031541,-0.2922689984429462,60686639529.9229,47.5,77.0,-36.155420762727445,0.0,1,0,Advanced,8,7,3657.5,8044.412742614747,2.0652173913043477
2020,Australia,47.5,17976843681.3118,100.99530029296876,77.0,23.612350304490423,0.2982118367415231,0.867164248885795,-0.6843980697492896,-0.5264365390573665,38745129661.1196,47.5,77.0,-53.60231379132174,0.0,1,0,Advanced,9,8,3657.5,7776.638122558595,2.0652173913043477
2021,Australia,47.5,31453060427.4531,144.7079620361328,73.0,24.171762126247273,0.2982118367415231,0.6644881306153254,-0.3376290248892941,-0.3744888754274005,17976843681.3118,47.5,77.0,74.96430955869513,0.0,1,0,Advanced,10,9,3467.5,10563.681228637695,1.7592592592592593
2022,Australia,47.5,68709419796.6457,66.05541229248047,75.0,24.953152141719215,0.2982118367415231,0.7658261897505602,-0.9615734030802393,0.04558575442953999,31453060427.4531,47.5,73.0,118.45066541338602,0.0,1,0,Advanced,11,10,3562.5,4954.155921936035,1.9
2023,Australia,47.5,35315978153.0955,115.35894012451172,75.0,24.287601337373466,0.2982118367415231,0.7658261897505602,-0.5704524652843301,-0.33093352645498125,68709419796.6457,47.5,75.0,-48.600965839010655,0.0,1,0,Advanced,12,11,3562.5,8651.920509338379,1.9
2024,Australia,47.5,53950665928.6456,84.72692108154297,77.0,24.711335872015443,0.2982118367415231,0.867164248885795,-0.8134538191729347,-0.12082283119776224,35315978153.0955,47.5,75.0,52.76560002038835,0.0,1,0,Advanced,13,12,3657.5,6523.972923278809,2.0652173913043477
2025,Australia,47.5,,133.69046020507812,76.0,,0.2982118367415231,0.8164952193181776,-0.42502998457337365,,53950665928.6456,47.5,77.0,,0.0,1,0,Advanced,14,13,3610.0,10160.474975585938,1.9791666666666667
2012,Brazil,64.0,92568388321.34,130.60597229003906,43.0,25.25121354149631,1.7802887362099358,-0.8555827564131968,-0.44949898018075196,0.3146015021160149,,,,,,0,1,Emerging,1,0,2752.0,5616.05680847168,1.1228070175438596
2013,Brazil,64.0,75211029129.4,164.3462371826172,42.0,25.043563721102885,1.7802887362099358,-0.9062517859808141,-0.18184016089248795,0.11889300130427345,92568388321.34,64.0,43.0,-18.7508495142921,0.0,0,1,Emerging,2,1,2688.0,6902.541961669922,1.103448275862069
2014,Brazil,64.0,87713983217.24,136.64743041992188,43.0,25.197347167368907,1.7802887362099358,-0.8555827564131968,-0.4015725766693313,0.25986688870215896,75211029129.4,64.0,42.0,16.623830617087787,0.0,0,1,Emerging,3,2,2752.0,5875.839508056641,1.1228070175438596
2015,Brazil,64.0,64738153494.44,193.99337768554688,38.0,24.893616563172447,1.7802887362099358,-1.1089279042512838,0.05334823041243535,0.0008087485650898631,87713983217.24,64.0,43.0,-26.194033015119246,0.0,0,1,Emerging,4,3,2432.0,7371.748352050781,1.032258064516129
2016,Brazil,64.0,74294627801.19,306.6892395019531,40.0,25.031304481899795,1.7802887362099358,-1.007589845116049,0.9473554769023069,0.10856035057655519,64738153494.44,64.0,38.0,14.761734450104068,0.0,0,1,Emerging,5,4,2560.0,12267.569580078125,1.0666666666666667
2017,Brazil,64.0,68885491315.23,330.928466796875,37.0,24.955711416815447,1.7802887362099358,-1.1595969338189012,1.139643325823309,0.047571004176159316,74294627801.19,64.0,40.0,-7.280656281682541,0.0,0,1,Emerging,6,5,2368.0,12244.353271484375,1.0158730158730158
2018,Brazil,64.0,78183840044.98,165.00503540039062,35.0,25.082328814101643,1.7802887362099358,-1.260934992954136,-0.1766139673910481,0.15241217671864796,68885491315.23,64.0,37.0,13.49826872425053,0.0,0,1,Emerging,7,6,2240.0,5775.176239013672,0.9846153846153847
2019,Brazil,64.0,69174411753.45,127.06861877441406,35.0,24.959896858838395,1.7802887362099358,-1.260934992954136,-0.4775605223296296,0.05082865329159414,78183840044.98,64.0,35.0,-11.523389342793578,0.0,0,1,Emerging,8,7,2240.0,4447.401657104492,0.9846153846153847
2020,Brazil,64.0,38270116307.45,130.71536254882812,38.0,24.367935175507963,1.7802887362099358,-1.1089279042512838,-0.4486311960183473,-0.29762489102339146,69174411753.45,64.0,35.0,-44.67590639751076,0.0,0,1,Emerging,9,8,2432.0,4967.183776855469,1.032258064516129
2021,Brazil,64.0,46440503520.19,204.1461181640625,38.0,24.561437836098676,1.7802887362099358,-1.1089279042512838,0.13388910754163125,-0.20550176245442797,38270116307.45,64.0,38.0,21.349261515438567,0.0,0,1,Emerging,10,9,2432.0,7757.552490234375,1.032258064516129
2022,Brazil,64.0,75501038733.31,201.1039276123047,38.0,25.047412251163834,1.7802887362099358,-1.1089279042512838,0.1097556535297594,0.12216293103117508,46440503520.19,64.0,38.0,62.57584007564847,0.0,0,1,Emerging,11,10,2432.0,7641.949249267578,1.032258064516129
2023,Brazil,64.0,62750364285.48,255.69158935546875,36.0,24.86243022028775,1.7802887362099358,-1.2102659633865185,0.5427952024604021,-0.02160406445061163,75501038733.31,64.0,38.0,-16.888078179783474,0.0,0,1,Emerging,12,11,2304.0,9204.897216796875,1.0
2024,Brazil,64.0,74090786050.19,143.90174865722656,34.0,25.028557016715244,1.7802887362099358,-1.3116040225217533,-0.3440246510581899,0.10626198461835257,62750364285.48,64.0,36.0,18.0722803665605,0.0,0,1,Emerging,13,12,2176.0,4892.659454345703,0.9696969696969697
2025,Brazil,64.0,,332.896240234375,35.0,,1.7802887362099358,-1.260934992954136,1.15525351491296,,74090786050.19,64.0,34.0,,0.0,0,1,Emerging,14,13,2240.0,11651.368408203125,0.9846153846153847
2012,Canada,45.6,49368985104.199,235.51641845703125,84.0,24.622588232072506,0.12754843619667566,1.2218474558591168,0.38274718746089387,-0.17248241117388696,,,,,,1,0,Advanced,1,0,3830.4,19783.379150390625,2.85
2013,Canada,45.6,67027866778.2681,223.526611328125,81.0,24.928374291929476,0.12754843619667566,1.0698403671562646,0.28763300771647277,0.026625829902832264,49368985104.199,45.6,84.0,35.76918106944669,0.0,1,0,Advanced,2,1,3693.6,18105.655517578125,2.4
2014,Canada,45.6,64174605785.6346,132.78744506835938,81.0,24.884873420882016,0.12754843619667566,1.0698403671562646,-0.4321935313345829,-0.00554539067962957,67027866778.2681,45.6,81.0,-4.256827987786405,0.0,1,0,Advanced,3,2,3693.6,10755.78305053711,2.4
2015,Canada,45.6,59986208237.0734,286.051513671875,83.0,24.817380510030585,0.12754843619667566,1.1711784262914995,0.783638050674017,-0.052770604836234664,64174605785.6346,45.6,81.0,-6.5265652936800205,0.0,1,0,Advanced,4,3,3784.8,23742.275634765625,2.682352941176471
2016,Canada,45.6,34201872160.6084,156.0035400390625,82.0,24.255546221054963,0.12754843619667566,1.120509396723882,-0.24802210920358772,-0.3434953459762524,59986208237.0734,45.6,83.0,-42.98377382774705,0.0,1,0,Advanced,5,4,3739.2000000000003,12792.290283203125,2.533333333333333
2017,Canada,45.6,25357801000.4969,338.15545654296875,82.0,23.956352251418917,0.12754843619667566,1.120509396723882,1.1969744567022886,-0.44321442701143177,34201872160.6084,45.6,82.0,-25.858441662434938,0.0,1,0,Advanced,6,5,3739.2000000000003,27728.747436523438,2.533333333333333
2018,Canada,45.6,42603762048.597,343.7724304199219,81.0,24.47520839732248,0.12754843619667566,1.0698403671562646,1.2415334606302337,-0.24876196771401482,25357801000.4969,45.6,82.0,68.0104755446348,0.0,1,0,Advanced,7,6,3693.6,27845.566864013672,2.4
2019,Canada,45.6,48942300762.2452,301.89996337890625,77.0,24.613907905753035,0.12754843619667566,0.867164248885795,0.9093625329695466,-0.1772933822415594,42603762048.597,45.6,81.0,14.877884977429922,0.0,1,0,Advanced,8,7,3511.2000000000003,23246.29718017578,1.982608695652174
2020,Canada,45.6,29123011879.2998,275.7078552246094,77.0,24.0947944848474,0.12754843619667566,0.867164248885795,0.7015826365884803,-0.4007607468068559,48942300762.2452,45.6,77.0,-40.49521288184778,0.0,1,0,Advanced,9,8,3511.2000000000003,21229.504852294922,1.982608695652174
2021,Canada,45.6,60189690111.8854,290.4154357910156,74.0,24.820766913994504,0.12754843619667566,0.7151571601829427,0.8182566953584591,-0.05047629657070598,29123011879.2998,45.6,77.0,106.67398812094473,0.0,1,0,Advanced,10,9,3374.4,21490.742248535156,1.7538461538461538
2022,Canada,45.6,50229920776.0187,213.8743133544922,74.0,24.63987671748273,0.12754843619667566,0.7151571601829427,0.21106210090034513,-0.16277514938573293,60189690111.8854,45.6,74.0,-16.547301236063326,0.0,1,0,Advanced,11,10,3374.4,15826.699188232422,1.7538461538461538
2023,Canada,45.6,42076242120.3715,232.5386199951172,76.0,24.462749098164984,0.12754843619667566,0.8164952193181776,0.3591245507408825,-0.2547098848573825,50229920776.0187,45.6,74.0,-16.23271255394856,0.0,1,0,Advanced,12,11,3465.6,17672.935119628906,1.9000000000000001
2024,Canada,45.6,58797136074.7493,247.07797241210932,75.0,24.79735898445306,0.12754843619667566,0.7658261897505602,0.4744640690741875,-0.06617768639006269,42076242120.3715,45.6,76.0,39.73951358712775,0.0,1,0,Advanced,13,12,3420.0,18530.8479309082,1.824
2025,Canada,45.6,,883.2801513671875,75.0,,0.12754843619667566,0.7658261897505602,5.521405004182104,,58797136074.7493,45.6,75.0,,0.0,1,0,Advanced,14,13,3420.0,66246.01135253906,1.824
2012,Chile,60.7,31801970676.0608,101.19027709960938,72.0,24.182794095757732,1.4838733563162536,0.613819101047708,-0.6828513343570165,-0.3705548264215717,,,,,,1,0,Emerging,1,0,4370.400000000001,7285.699951171875,2.167857142857143
2013,Chile,60.7,21120756844.018,103.51300048828124,71.0,23.77352213055992,1.4838733563162536,0.5631500714800906,-0.6644253557310484,-0.49098814365622473,31801970676.0608,60.7,72.0,-33.586641346358995,0.0,1,0,Emerging,2,1,4309.7,7349.423034667968,2.0931034482758624
2014,Chile,60.7,25527831848.9546,86.90003204345703,73.0,23.96303513897472,1.4838733563162536,0.6644881306153254,-0.7962147039466565,-0.441297287308587,21120756844.018,60.7,71.0,20.866084664881733,0.0,1,0,Emerging,3,2,4431.1,6343.702339172363,2.2481481481481485
2015,Chile,60.7,17766285629.0926,132.65533447265625,70.0,23.600568432452345,1.4838733563162536,0.5124810419124731,-0.43324155411015824,-0.5288106329663521,25527831848.9546,60.7,73.0,-30.40425158621469,0.0,1,0,Emerging,4,3,4249.0,9285.873413085938,2.0233333333333334
2016,Chile,60.7,11362832162.4891,156.04380798339844,66.0,23.15361352924509,1.4838733563162536,0.3098049236420035,-0.2477026668260475,-0.601011148269893,17766285629.0926,60.7,70.0,-36.042724969577975,0.0,1,0,Emerging,5,4,4006.2000000000003,10298.891326904297,1.785294117647059
2017,Chile,60.7,5237183518.21249,158.48245239257812,67.0,22.37904969425199,1.4838733563162536,0.36047395320962095,-0.2283570960279788,-0.6700793457654856,11362832162.4891,60.7,66.0,-53.90952323047205,0.0,1,0,Emerging,6,5,4066.9,10618.324310302734,1.8393939393939396
2018,Chile,60.7,7942631935.04913,96.98555755615234,67.0,22.79551053524466,1.4838733563162536,0.36047395320962095,-0.7162070377583718,-0.6395747483882264,5237183518.21249,60.7,67.0,51.658461221157296,0.0,1,0,Emerging,7,6,4066.9,6498.032356262207,1.8393939393939396
2019,Chile,60.7,13579090978.7595,142.33934020996094,67.0,23.33179701860082,1.4838733563162536,0.36047395320962095,-0.35641911214415245,-0.5760222841491058,7942631935.04913,60.7,67.0,70.96462595525654,0.0,1,0,Emerging,8,7,4066.9,9536.735794067383,1.8393939393939396
2020,Chile,60.7,11447397288.6176,210.9532623291016,67.0,23.161028230069824,1.4838733563162536,0.36047395320962095,0.18788963704963,-0.6000576556404814,13579090978.7595,60.7,67.0,-15.698353398444043,0.0,1,0,Emerging,9,8,4066.9,14133.868576049807,1.8393939393939396
2021,Chile,60.7,15176902318.5544,208.0988922119141,67.0,23.4430405247538,1.4838733563162536,0.36047395320962095,0.16524614750351896,-0.5580065676778775,11447397288.6176,60.7,67.0,32.579502011737894,0.0,1,0,Emerging,10,9,4066.9,13942.625778198244,1.8393939393939396
2022,Chile,60.7,18771990469.19,271.124908447265,67.0,23.655631727164305,1.4838733563162536,0.36047395320962095,0.6652264868311978,-0.5174710631425063,15176902318.5544,60.7,67.0,23.6878914759862,0.0,1,0,Emerging,11,10,4066.9,18165.368865966753,1.8393939393939396
2023,Chile,60.7,18377361861.8,249.8270721435547,66.0,23.634385410481777,1.4838733563162536,0.3098049236420035,0.49627245708083323,-0.5219205979061579,18771990469.19,60.7,67.0,-2.102220369425889,0.0,1,0,Emerging,12,11,4006.2000000000003,16488.58676147461,1.785294117647059
2024,Chile,60.7,12521388616.3117,147.71092224121094,63.0,23.250704108314082,1.4838733563162536,0.15779783493915134,-0.31380678207585194,-0.5879481388468538,18377361861.8,60.7,66.0,-31.86514631167374,0.0,1,0,Emerging,13,12,3824.1000000000004,9305.788101196289,1.6405405405405407
2025,Chile,60.7,,380.56022953540105,63.0,,1.4838733563162536,0.15779783493915134,1.5333681248455986,,12521388616.3117,60.7,63.0,,0.0,1,0,Emerging,14,13,3824.1000000000004,23975.294460730267,1.6405405405405407
2012,China,23.1,241213868161.42,120.4490894,39.0,26.20894979666988,-1.8934655176238873,-1.0582588746836663,-0.5300727187288163,1.990615905588904,,,,,,0,1,Emerging,1,0,900.9000000000001,4697.5144866,0.37868852459016394
2013,China,23.1,290928431467.003,130.1575789,40.0,26.396343133893772,-1.8934655176238873,-1.007589845116049,-0.45305604903414187,2.5511598538620976,241213868161.42,23.1,39.0,20.6101596415319,0.0,0,1,Emerging,2,1,924.0,5206.303156,0.385
2014,China,23.1,268097181064.335,103.5485547,36.0,26.314615367639703,-1.8934655176238873,-1.2102659633865185,-0.6641433070168589,2.293731881176109,290928431467.003,23.1,40.0,-7.8477205845924765,0.0,0,1,Emerging,3,2,831.6,3727.7479691999997,0.3609375
2015,China,23.1,242489331627.398,98.03493372,37.0,26.214223553067136,-1.8934655176238873,-1.1595969338189012,-0.7078824206903388,2.004997070373615,268097181064.335,23.1,36.0,-9.551704100458968,0.0,0,1,Emerging,4,3,854.7,3627.29254764,0.3666666666666667
2016,China,23.1,174749584584.05,127.4782714,40.0,25.886619840856074,-1.8934655176238873,-1.007589845116049,-0.4743107808580744,1.2412147350183427,242489331627.398,23.1,37.0,-27.93514526545643,0.0,0,1,Emerging,5,4,924.0,5099.130856,0.385
2017,China,23.1,166083755721.648,306.037496,41.0,25.835758050599168,-1.8934655176238873,-0.9569208155484316,0.9421852478964893,1.143505379799183,174749584584.05,23.1,40.0,-4.958998262015291,0.0,0,1,Emerging,6,5,947.1,12547.537336,0.3915254237288136
2018,China,23.1,235365050036.341,265.0796087,39.0,26.184403550215936,-1.8934655176238873,-1.0582588746836663,0.617269608076742,1.924669040393461,166083755721.648,23.1,41.0,41.71467222285521,0.0,0,1,Emerging,7,6,900.9000000000001,10338.104739299999,0.37868852459016394
2019,China,23.1,187169822364.755,288.099468498562,41.0,25.95528218267845,-1.8934655176238873,-0.9569208155484316,0.799884312302725,1.3812559756764182,235365050036.341,23.1,39.0,-20.476798770312133,0.0,0,1,Emerging,8,7,947.1,11812.07820844104,0.3915254237288136
2020,China,23.1,253095616058.58,250.321903500956,42.0,26.25703318336202,-1.8934655176238873,-0.9062517859808141,0.5001979146103022,2.1245855401549756,187169822364.755,23.1,41.0,35.22244818149656,0.0,0,1,Emerging,9,8,970.2,10513.519947040153,0.39827586206896554
2021,China,23.1,344074977062.48,378.35705309334,45.0,26.5641254271477,-1.8934655176238873,-0.754244697277962,1.5158905025731224,3.150400247910263,253095616058.58,23.1,42.0,35.94663646123466,0.0,0,1,Emerging,10,9,1039.5,17026.0673892003,0.42000000000000004
2022,China,23.1,190203789092.51,319.071530807706,45.0,25.9713619084813,-1.8934655176238873,-0.754244697277962,1.0455832021893772,1.4154646979385788,344074977062.48,23.1,45.0,-44.72024943041085,0.0,0,1,Emerging,11,10,1039.5,14358.218886346769,0.42000000000000004
2023,China,23.1,51338076801.59,275.41359579382,42.0,24.66169855164861,-1.8934655176238873,-0.9062517859808141,0.6992483000899292,-0.15028041720719024,190203789092.51,23.1,45.0,-73.0089095246044,0.0,0,1,Emerging,12,11,970.2,11567.37102334044,0.39827586206896554
2024,China,23.1,18556141172.84,356.97471648219,43.0,23.644066631741868,-1.8934655176238873,-0.8555827564131968,1.3462661386510841,-0.5199048171325457,51338076801.59,23.1,42.0,-63.85501302560424,0.0,0,1,Emerging,13,12,993.3000000000001,15349.912808734169,0.4052631578947369
2025,China,23.1,,256.9,43.0,,-1.8934655176238873,-0.8555827564131968,0.5523814273273487,,18556141172.84,23.1,43.0,,0.0,0,1,Emerging,14,13,993.3000000000001,11046.699999999999,0.4052631578947369
2012,France,55.8,32944663317.8722,289.39776611328125,71.0,24.218095121738717,1.0437414285953304,0.5631500714800906,0.8101836033055343,-0.35767068538695146,,,,,,1,0,Advanced,1,0,3961.7999999999997,20547.24139404297,1.9241379310344826
2013,France,55.8,33461592993.8228,318.2390441894531,71.0,24.233664140272683,1.0437414285953304,0.5631500714800906,1.0389791525168492,-0.35184217594685363,32944663317.8722,55.8,71.0,1.5690847132445063,0.0,1,0,Advanced,2,1,3961.7999999999997,22594.972137451172,1.9241379310344826
2014,France,55.8,5063648998.48312,221.41378784179688,69.0,22.345353206290273,1.0437414285953304,0.46181201234485575,0.27087214820586775,-0.672035990225035,33461592993.8228,55.8,71.0,-84.86728052840192,0.0,1,0,Advanced,3,2,3850.2,15277.551361083984,1.7999999999999998
2015,France,55.8,43133325471.3567,178.69871520996094,70.0,24.487561748073603,1.0437414285953304,0.5124810419124731,-0.06798310212634252,-0.2427910096663666,5063648998.48312,55.8,69.0,751.8229735962708,0.0,1,0,Advanced,4,3,3906.0,12508.910064697266,1.8599999999999999
2016,France,55.8,35623357280.0881,241.42453002929688,69.0,24.296267363035938,1.0437414285953304,0.46181201234485575,0.4296157634098574,-0.32746775107640425,43133325471.3567,55.8,70.0,-17.411057712801913,0.0,1,0,Advanced,5,4,3850.2,16658.292572021484,1.7999999999999998
2017,France,55.8,43733253503.8812,462.9656066894531,70.0,24.501374599418053,1.0437414285953304,0.5124810419124731,2.187083382336344,-0.23602667330955324,35623357280.0881,55.8,69.0,22.76567073684037,0.0,1,0,Advanced,6,5,3906.0,32407.59246826172,1.8599999999999999
2018,France,55.8,77493098693.2377,221.1375732421875,72.0,25.07345472022109,1.0437414285953304,0.613819101047708,0.2686809599079392,0.14462389781612148,43733253503.8812,55.8,70.0,77.19490887262803,0.0,1,0,Advanced,7,6,4017.6,15921.9052734375,1.9928571428571427
2019,France,55.8,53499337503.7412,363.0477294921875,69.0,24.70293510766406,1.0437414285953304,0.46181201234485575,1.3944428644993676,-0.12591167037168335,77493098693.2377,55.8,72.0,-30.96244903623949,0.0,1,0,Advanced,8,7,3850.2,25050.293334960938,1.7999999999999998
2020,France,55.8,19368829836.4654,254.26959228515625,69.0,23.686930901413252,1.0437414285953304,0.46181201234485575,0.5315146135828993,-0.5107415522472581,53499337503.7412,55.8,69.0,-63.79613142852294,0.0,1,0,Advanced,9,8,3850.2,17544.60186767578,1.7999999999999998
2021,France,55.8,98012545019.163,276.37225341796875,71.0,25.308361317823973,1.0437414285953304,0.5631500714800906,0.7068532542477668,0.37598571003226844,19368829836.4654,55.8,69.0,406.0323511884867,0.0,1,0,Advanced,10,9,3961.7999999999997,19622.42999267578,1.9241379310344826
2022,France,55.8,112295479269.655,313.7880859375,72.0,25.44439944204486,1.0437414285953304,0.613819101047708,1.003670057161134,0.5370293122557263,98012545019.163,55.8,71.0,14.572557265704567,0.0,1,0,Advanced,11,10,4017.6,22592.7421875,1.9928571428571427
2023,France,55.8,18051596853.4685,296.3216552734375,71.0,23.616499986148412,1.0437414285953304,0.5631500714800906,0.8651102615102211,-0.5255936786261264,112295479269.655,55.8,72.0,-83.92491223077536,0.0,1,0,Advanced,12,11,3961.7999999999997,21038.837524414062,1.9241379310344826
2024,France,55.8,52052548617.7634,274.0296325683594,67.0,24.67551959560718,1.0437414285953304,0.36047395320962095,0.6882694306576786,-0.14222457147228904,18051596853.4685,55.8,71.0,188.35426051386602,0.0,1,0,Advanced,13,12,3738.6,18359.985382080078,1.690909090909091
2025,France,55.8,,563.138916015625,66.0,,1.0437414285953304,0.3098049236420035,2.9817502227955344,,52052548617.7634,55.8,67.0,,0.0,1,0,Advanced,14,13,3682.7999999999997,37167.16845703125,1.6411764705882352
2012,Germany,38.4,65443087632.2705,193.7616729736328,79.0,24.904446710772557,-0.5191760290259047,0.9685023080210298,0.05151013548899901,0.008757054627102311,,,,,,1,0,Advanced,1,0,3033.6,15307.172164916992,1.8285714285714285
2013,Germany,38.4,67199694458.9368,198.8842010498047,78.0,24.930934537723168,-0.5191760290259047,0.9178332784534123,0.09214674047726472,0.028563229331499133,65443087632.2705,38.4,79.0,2.6841747390294213,0.0,1,0,Advanced,2,1,2995.2,15512.967681884766,1.7454545454545454
2014,Germany,38.4,17356720097.6154,106.18580627441406,79.0,23.57724559385909,-0.5191760290259047,0.9685023080210298,-0.6432222014825315,-0.5334285852287439,67199694458.9368,38.4,78.0,-74.17143003794246,0.0,1,0,Advanced,3,2,3033.6,8388.678695678711,1.8285714285714285
2015,Germany,38.4,62418993509.2489,201.27247619628903,81.0,24.85713544916768,-0.5191760290259047,1.0698403671562646,0.11109273594821673,-0.025340351584608747,17356720097.6154,38.4,79.0,259.6243596612733,0.0,1,0,Advanced,4,3,3110.4,16303.070571899412,2.0210526315789474
2016,Germany,38.4,58132711370.7802,203.99563598632807,81.0,24.785994360798817,-0.5191760290259047,1.0698403671562646,0.13269534447709808,-0.07366923860593547,62418993509.2489,38.4,81.0,-6.86695170410524,0.0,1,0,Advanced,5,4,3110.4,16523.646514892574,2.0210526315789474
2017,Germany,38.4,108786501529.106,335.6415100097656,81.0,25.412653096843258,-0.5191760290259047,1.0698403671562646,1.1770315201849473,0.4974647238070694,58132711370.7802,38.4,81.0,87.13474559142342,0.0,1,0,Advanced,6,5,3110.4,27186.962310791016,2.0210526315789474
2018,Germany,38.4,162250938125.842,150.0355682373047,80.0,25.81240997449135,-0.5191760290259047,1.0191713375886473,-0.29536555155917893,1.1002894172057274,108786501529.106,38.4,81.0,49.14620457983154,0.0,1,0,Advanced,7,6,3072.0,12002.845458984375,1.92
2019,Germany,38.4,75463438450.8916,168.0872344970703,80.0,25.04691411698158,-0.5191760290259047,1.0191713375886473,-0.15216312879641364,0.12173897858421416,162250938125.842,38.4,80.0,-53.489675115245205,0.0,1,0,Advanced,8,7,3072.0,13446.978759765625,1.92
2020,Germany,38.4,176781024357.228,131.50759887695312,80.0,25.89817765309364,-0.5191760290259047,1.0191713375886473,-0.44234644867394063,1.2641197188987607,75463438450.8916,38.4,80.0,134.26049486503265,0.0,1,0,Advanced,9,8,3072.0,10520.60791015625,1.92
2021,Germany,38.4,127609826748.268,210.23208618164065,80.0,25.57224321702558,-0.5191760290259047,1.0191713375886473,0.18216860442754423,0.7097023527111642,176781024357.228,38.4,80.0,-27.814748663068002,0.0,1,0,Advanced,10,9,3072.0,16818.566894531254,1.92
2022,Germany,38.4,87215414562.4594,478.20452880859375,79.0,25.191646924744195,-0.5191760290259047,0.9685023080210298,2.307972531091433,0.2542454042989239,127609826748.268,38.4,80.0,-31.65462505132417,0.0,1,0,Advanced,11,10,3033.6,37778.157775878906,1.8285714285714285
2023,Germany,38.4,77438957875.1405,520.1256713867188,78.0,25.072755822633333,-0.5191760290259047,0.9178332784534123,2.6405295978898065,0.14401344675468097,87215414562.4594,38.4,79.0,-11.209551357825031,0.0,1,0,Advanced,12,11,2995.2,40569.80236816406,1.7454545454545454
2024,Germany,38.4,47599143488.7827,729.8969116210938,75.0,24.586080604088757,-0.5191760290259047,0.7658261897505602,4.304628047043308,-0.19243781138178234,77438957875.1405,38.4,78.0,-38.533336714667996,0.0,1,0,Advanced,13,12,2880.0,54742.26837158203,1.536
2025,Germany,38.4,,1009.0558471679688,77.0,,-0.5191760290259047,0.867164248885795,6.519173526165531,,47599143488.7827,38.4,75.0,,0.0,1,0,Advanced,14,13,2956.7999999999997,77697.3002319336,1.6695652173913043
2012,Greece,46.2,1662090329.838,103.23512223365329,36.0,21.231341881985788,0.18144214163189082,-1.2102659633865185,-0.6666297416710047,-0.7103894021756761,,,,,,1,0,Other,1,0,1663.2,3716.4644004115185,0.721875
2013,Greece,46.2,2945271844.68568,86.26991876149066,40.0,21.803466956983694,0.18144214163189082,-1.007589845116049,-0.8012133421495852,-0.6959212144886464,1662090329.838,46.2,36.0,77.20287470613879,0.0,1,0,Other,2,1,1848.0,3450.7967504596263,0.77
2014,Greece,46.2,2697339246.05447,116.14199285275856,43.0,21.715531659643116,0.18144214163189082,-0.8555827564131968,-0.5642405707022842,-0.6987167156155115,2945271844.68568,46.2,40.0,-8.417986919562914,0.0,1,0,Other,3,2,1986.6000000000001,4994.105692668618,0.8105263157894738
2015,Greece,46.2,1268938505.86333,163.42303197364623,46.0,20.961446565767957,0.18144214163189082,-0.7035756677103445,-0.18916387387994277,-0.7148222858425195,2697339246.05447,46.2,43.0,-52.955917290735,0.0,1,0,Other,4,3,2125.2000000000003,7517.459470787727,0.8555555555555556
2016,Greece,46.2,2698544612.16074,106.51759321634069,44.0,21.715978432093372,0.18144214163189082,-0.8049137268455794,-0.6405901622435368,-0.6987031248157258,1268938505.86333,46.2,46.0,112.66157498505169,0.0,1,0,Other,5,4,2032.8000000000002,4686.77410151899,0.8250000000000001
2017,Greece,46.2,3439131879.75516,134.5876787740653,48.0,21.95848491594715,0.18144214163189082,-0.6022376085751098,-0.4179124215197582,-0.6903528209326057,2698544612.16074,46.2,44.0,27.4439512416075,0.0,1,0,Other,6,5,2217.6000000000004,6460.208581155134,0.8884615384615385
2018,Greece,46.2,4025447788.57702,77.42102553198542,45.0,22.11590199344929,0.18144214163189082,-0.754244697277962,-0.8714109034715853,-0.6837419646238371,3439131879.75516,46.2,48.0,17.048369452572487,0.0,1,0,Other,7,6,2079.0,3483.946148939344,0.8400000000000001
2019,Greece,46.2,4999635989.53692,115.79874619585124,48.0,22.332630944637696,0.18144214163189082,-0.6022376085751098,-0.5669635189424643,-0.6727577526702766,4025447788.57702,46.2,45.0,24.200741187709475,0.0,1,0,Other,8,7,2217.6000000000004,5558.33981740086,0.8884615384615385
2020,Greece,46.2,3303648833.22836,67.1252441687311,50.0,21.91829340161395,0.18144214163189082,-0.5008995494398749,-0.9530865124839186,-0.6918804256579535,4999635989.53692,46.2,48.0,-33.922212734244404,0.0,1,0,Other,9,8,2310.0,3356.262208436555,0.924
2021,Greece,46.2,6132475888.35529,53.63250324460932,49.0,22.53686440230856,0.18144214163189082,-0.5515685790074923,-1.0601233456626435,-0.6599847037400903,3303648833.22836,46.2,50.0,85.62735320638093,0.0,1,0,Other,10,9,2263.8,2627.9926589858565,0.9058823529411765
2022,Greece,46.2,8057970156.10279,37.78620818452351,52.0,22.809927520072918,0.18144214163189082,-0.3995614903046401,-1.185830735316511,-0.638274281532693,6132475888.35529,46.2,49.0,31.398317788802753,0.0,1,0,Other,11,10,2402.4,1964.8828255952226,0.9625
2023,Greece,46.2,4722066764.49033,86.95958998134046,49.0,22.2755124145378,0.18144214163189082,-0.5515685790074923,-0.795742235595152,-0.675887414060851,8057970156.10279,46.2,52.0,-41.398805493043156,0.0,1,0,Other,12,11,2263.8,4261.019909085682,0.9058823529411765
2024,Greece,46.2,6742277267.34835,100.9803115682449,49.0,22.631663578298053,0.18144214163189082,-0.5515685790074923,-0.6845169741021452,-0.6531090429695808,4722066764.49033,46.2,49.0,42.78233671005853,0.0,1,0,Other,13,12,2263.8,4948.035266844,0.9058823529411765
2025,Greece,46.2,,84.80376760005542,50.0,,0.18144214163189082,-0.5008995494398749,-0.8128442018958639,,6742277267.34835,46.2,49.0,,0.0,1,0,Other,14,13,2310.0,4240.188380002771,0.924
2012,India,44.2,23995685014.2141,183.1171112060547,36.0,23.90113986005559,0.0017964568478407812,-1.2102659633865185,-0.032932320538596634,-0.4585726203091139,,,,,,0,1,Emerging,1,0,1591.2,6592.216003417969,0.690625
2013,India,44.2,28153031270.3202,133.1490020751953,36.0,24.06092086851698,0.0017964568478407812,-1.2102659633865185,-0.4293253285548118,-0.4116975171243134,23995685014.2141,44.2,36.0,17.32539101777446,0.0,0,1,Emerging,2,1,1591.2,4793.364074707031,0.690625
2014,India,44.2,34576643694.1382,95.17993927001952,38.0,24.266444253327858,0.0017964568478407812,-1.1089279042512838,-0.7305308630184966,-0.339269704612093,28153031270.3202,44.2,36.0,22.81677010954757,0.0,0,1,Emerging,3,2,1679.6000000000001,3616.8376922607417,0.7129032258064517
2015,India,44.2,44009492129.5319,120.23883819580078,38.0,24.50767117781489,0.0017964568478407812,-1.1089279042512838,-0.5317406246936648,-0.23291201475495596,34576643694.1382,44.2,38.0,27.280983425794037,0.0,0,1,Emerging,4,3,1679.6000000000001,4569.07585144043,0.7129032258064517
2016,India,44.2,44458571545.798,70.27962493896484,40.0,24.51782361599191,0.0017964568478407812,-1.007589845116049,-0.9280630624536822,-0.2278485337074668,44009492129.5319,44.2,38.0,1.0204149026403986,0.0,0,1,Emerging,5,4,1768.0,2811.1849975585938,0.7366666666666667
2017,India,44.2,39966091358.7384,84.12655639648438,40.0,24.41129721551438,0.0017964568478407812,-1.007589845116049,-0.8182164641390238,-0.2785023545227988,44458571545.798,44.2,40.0,-10.104868489604456,0.0,0,1,Emerging,6,5,1768.0,3365.062255859375,0.7366666666666667
2018,India,44.2,42117450737.2643,39.42573928833008,41.0,24.463727998573905,0.0017964568478407812,-0.9569208155484316,-1.1728244663726124,-0.2542452475503226,39966091358.7384,44.2,40.0,5.3829616692189,0.0,0,1,Emerging,7,6,1812.2,1616.4553108215332,0.7491525423728814
2019,India,44.2,50610647353.5911,64.73834991455078,41.0,24.647427813111953,0.0017964568478407812,-0.9569208155484316,-0.9720215534468122,-0.1584823634329896,42117450737.2643,44.2,41.0,20.165504957336534,0.0,0,1,Emerging,8,7,1812.2,2654.272346496582,0.7491525423728814
2020,India,44.2,64362364994.3753,48.13543319702149,40.0,24.88779490473442,0.0017964568478407812,-1.007589845116049,-1.103731162114787,-0.0034283593472766377,50610647353.5911,44.2,41.0,27.171590089942676,0.0,0,1,Emerging,9,8,1768.0,1925.4173278808596,0.7366666666666667
2021,India,44.2,44727277562.881,83.66126251220703,40.0,24.523849388753536,0.0017964568478407812,-1.007589845116049,-0.8219076032597223,-0.22481880717010114,64362364994.3753,44.2,40.0,-30.50709437605382,0.0,0,1,Emerging,10,9,1768.0,3346.4505004882812,0.7366666666666667
2022,India,44.2,49940258404.2659,70.02399444580078,40.0,24.634093296079122,0.0017964568478407812,-1.007589845116049,-0.9300909586836676,-0.1660411639845227,44727277562.881,44.2,40.0,11.655037206447671,0.0,0,1,Emerging,11,10,1768.0,2800.9597778320312,0.7366666666666667
2023,India,44.2,28086193530.3979,50.974876403808594,39.0,24.05854395910449,0.0017964568478407812,-1.0582588746836663,-1.0812060865534536,-0.4124511291071727,49940258404.2659,44.2,40.0,-43.76041608947947,0.0,0,1,Emerging,12,11,1723.8000000000002,1988.0201797485352,0.7245901639344263
2024,India,44.2,27139853378.1402,129.90884399414062,38.0,24.024269088911872,0.0017964568478407812,-1.1089279042512838,-0.45502924312227555,-0.4231213474513499,28086193530.3979,44.2,39.0,-3.3694140547506635,0.0,0,1,Emerging,13,12,1679.6000000000001,4936.536071777344,0.7129032258064517
2025,India,44.2,,169.2755889892578,39.0,,0.0017964568478407812,-1.0582588746836663,-0.14273600777980366,,27139853378.1402,44.2,38.0,,0.0,0,1,Emerging,14,13,1723.8000000000002,6601.747970581055,0.7245901639344263
2012,Ireland,49.0,58090414122.9928,165.844667625542,69.0,24.785266497914815,0.4329461003295606,0.46181201234485575,-0.1699532321912533,-0.0741461504945123,,,,,,1,0,Advanced,1,0,3381.0,11443.282066162397,1.5806451612903225
2013,Ireland,49.0,72540330763.7405,180.067956069359,72.0,25.007408530533542,0.4329461003295606,0.613819101047708,-0.05712102404501857,0.08878021931458588,58090414122.9928,49.0,69.0,24.874872832122353,0.0,1,0,Advanced,2,1,3528.0,12964.89283699385,1.75
2014,Ireland,49.0,104903896347.793,66.1005407254142,74.0,25.376310495107795,0.4329461003295606,0.7151571601829427,-0.9612154028359072,0.45368739392203067,72540330763.7405,49.0,72.0,44.614582320362864,0.0,1,0,Advanced,3,2,3626.0,4891.440013680652,1.8846153846153846
2015,Ireland,49.0,226022972770.416,132.510251426158,75.0,26.143902480479362,0.4329461003295606,0.7658261897505602,-0.43439248629898675,1.8193348178332325,104903896347.793,49.0,74.0,115.45717617682283,0.0,1,0,Advanced,4,3,3675.0,9938.26885696185,1.96
2016,Ireland,49.0,79795011377.5093,68.4646973294164,73.0,25.10272682538179,0.4329461003295606,0.6644881306153254,-0.9424607378309217,0.17057853039914245,226022972770.416,49.0,75.0,-64.69606146691935,0.0,1,0,Advanced,5,4,3577.0,4997.922905047397,1.8148148148148149
2017,Ireland,49.0,71124020351.904,162.541603520329,74.0,24.98769095568686,0.4329461003295606,0.7151571601829427,-0.19615617521050718,0.07281097051818539,79795011377.5093,49.0,73.0,-10.866582855139805,0.0,1,0,Advanced,6,5,3626.0,12028.078660504347,1.8846153846153846
2018,Ireland,49.0,80581468516.7593,163.69993158856,73.0,25.112534540876627,0.4329461003295606,0.6644881306153254,-0.18696725141046433,0.17944602838505616,71124020351.904,49.0,74.0,13.297122572742914,0.0,1,0,Advanced,7,6,3577.0,11950.095005964879,1.8148148148148149
2019,Ireland,49.0,31252184929.3129,202.67313163101,74.0,24.165355128422704,0.4329461003295606,0.7151571601829427,0.12220402333972646,-0.3767537961538832,80581468516.7593,49.0,73.0,-61.21665997832605,0.0,1,0,Advanced,8,7,3626.0,14997.81174069474,1.8846153846153846
2020,Ireland,49.0,35288206770.2389,213.93728473817,72.0,24.28681465923763,0.4329461003295606,0.613819101047708,0.2115616478439692,-0.3312466556380691,31252184929.3129,49.0,74.0,12.914366947638346,0.0,1,0,Advanced,9,8,3528.0,15403.484501148241,1.75
2021,Ireland,49.0,77722796051.0396,258.9355486253357,74.0,25.076414436761176,0.4329461003295606,0.7151571601829427,0.5685292715542934,0.14721379211045063,35288206770.2389,49.0,72.0,120.25147539259167,0.0,1,0,Advanced,10,9,3626.0,19161.23059827484,1.8846153846153846
2022,Ireland,49.0,-35575910807.5925,324.0050491033097,77.0,,0.4329461003295606,0.867164248885795,1.0847204077253307,-1.130257038447015,77722796051.0396,49.0,74.0,-145.77281391707814,0.0,1,0,Advanced,11,10,3773.0,24948.388780954847,2.130434782608696
2023,Ireland,49.0,-139972323560.253,269.56233580964226,77.0,,0.4329461003295606,0.867164248885795,0.6528307232362817,-2.3073523099117166,-35575910807.5925,49.0,77.0,293.4469150130108,0.0,1,0,Advanced,12,11,3773.0,20756.299857342456,2.130434782608696
2024,Ireland,49.0,4818899599.81408,264.13127223452227,77.0,22.295811440151024,0.4329461003295606,0.867164248885795,0.6097465308440672,-0.6747955999881571,-139972323560.253,49.0,77.0,-103.44275173637432,0.0,1,0,Advanced,13,12,3773.0,20338.107962058213,2.130434782608696
2025,Ireland,49.0,,390.880516056047,76.0,,0.4329461003295606,0.8164952193181776,1.6152381313090127,,4818899599.81408,49.0,77.0,,0.0,1,0,Advanced,14,13,3724.0,29706.91922025957,2.0416666666666665
2012,Italy,47.3,34901033.014975,179.2625732421875,42.0,17.368026986017558,0.2802472682631178,-0.9062517859808141,-0.06351006151351782,-0.7287363623495499,,,,,,1,0,Advanced,1,0,1986.6,7529.028076171875,0.8155172413793103
2013,Italy,47.3,19531411961.8184,171.18170166015625,43.0,23.695289876293806,0.2802472682631178,-0.8555827564131968,-0.12761496861347213,-0.5089083987323849,34901033.014975,47.3,42.0,55862.27467948599,0.0,1,0,Advanced,2,1,2033.8999999999999,7360.813171386719,0.8298245614035087
2014,Italy,47.3,17032744039.0433,116.0104751586914,43.0,23.558403448355826,0.2802472682631178,-0.8555827564131968,-0.5652838900366641,-0.5370814950994738,19531411961.8184,47.3,43.0,-12.793073678747346,0.0,1,0,Advanced,3,2,2033.8999999999999,4988.4504318237305,0.8298245614035087
2015,Italy,47.3,13303439230.2377,99.27145385742188,44.0,23.31128842748549,0.2802472682631178,-0.8049137268455794,-0.6980732054674523,-0.5791303255194997,17032744039.0433,47.3,43.0,-21.894914878407757,0.0,1,0,Advanced,4,3,2081.2,4367.9439697265625,0.8446428571428571
2016,Italy,47.3,25656663794.7916,96.98987579345705,47.0,23.968069171889674,0.2802472682631178,-0.6529066381427271,-0.7161727815276616,-0.43984467538199135,13303439230.2377,47.3,44.0,92.85737583162681,0.0,1,0,Advanced,5,4,2223.1,4558.524162292481,0.8924528301886792
2017,Italy,47.3,8737024578.66006,112.9060287475586,50.0,22.890835531427697,0.2802472682631178,-0.5008995494398749,-0.5899112147951688,-0.6306177756357604,25656663794.7916,47.3,47.0,-65.94637304155768,0.0,1,0,Advanced,6,5,2365.0,5645.30143737793,0.946
2018,Italy,47.3,44249715319.1483,102.95852661132812,52.0,24.51311477491408,0.2802472682631178,-0.3995614903046401,-0.6688239525916232,-0.23020343911391766,8737024578.66006,47.3,50.0,406.4620675009545,0.0,1,0,Advanced,7,6,2459.6,5353.8433837890625,0.9854166666666666
2019,Italy,47.3,35760550299.4852,169.9978485107422,53.0,24.300111175821385,0.2802472682631178,-0.34889246073702274,-0.1370063808383525,-0.3259208659856981,44249715319.1483,47.3,52.0,-19.184677140712726,0.0,1,0,Advanced,8,7,2506.8999999999996,9009.885971069336,1.0063829787234042
2020,Italy,47.3,-17050399620.8672,127.8734130859375,53.0,,0.2802472682631178,-0.34889246073702274,-0.47117615350863495,-0.9213773361240531,35760550299.4852,47.3,53.0,-147.6793547025272,0.0,1,0,Advanced,9,8,2506.8999999999996,6777.2908935546875,1.0063829787234042
2021,Italy,47.3,26253856510.1011,247.12469482421875,56.0,23.99107872986366,0.2802472682631178,-0.1968853720341705,0.4748347142276658,-0.4331111804006125,-17050399620.8672,47.3,53.0,-253.9779541470114,0.0,1,0,Advanced,10,9,2648.7999999999997,13838.98291015625,1.075
2022,Italy,47.3,61897757337.9736,123.73613739013672,56.0,24.84874978557632,0.2802472682631178,-0.1968853720341705,-0.5039968302678046,-0.031217417820382103,26253856510.1011,47.3,56.0,135.76634280056572,0.0,1,0,Advanced,11,10,2648.7999999999997,6929.223693847656,1.075
2023,Italy,47.3,42019753074.4716,100.37407684326172,56.0,24.461405655965027,0.2802472682631178,-0.1968853720341705,-0.6893261856248514,-0.2553468127657758,61897757337.9736,47.3,56.0,-32.11425602217588,0.0,1,0,Advanced,12,11,2648.7999999999997,5620.948303222656,1.075
2024,Italy,47.3,26903748175.4513,105.67807006835938,54.0,24.015531451225026,0.2802472682631178,-0.2982234311694053,-0.6472500321428769,-0.42578349177532937,42019753074.4716,47.3,56.0,-35.973569078881084,0.0,1,0,Advanced,13,12,2554.2,5706.615783691406,1.0282608695652173
2025,Italy,47.3,,98.46124267578124,53.0,,0.2802472682631178,-0.34889246073702274,-0.7045005458852741,,26903748175.4513,47.3,54.0,,0.0,1,0,Advanced,14,13,2506.8999999999996,5218.445861816405,1.0063829787234042
2012,Japan,22.8,546962692.190725,138.48305228367312,74.0,20.119891153655704,-1.9204123703414948,0.7151571601829427,-0.38701073543080994,-0.7229627409978068,,,,,,1,0,Advanced,1,0,1687.2,10247.745868991811,0.8769230769230769
2013,Japan,22.8,10648441636.2071,95.4401703347736,74.0,23.088679393156493,-1.9204123703414948,0.7151571601829427,-0.7284664708225265,-0.6090660774412432,546962692.190725,22.8,74.0,1846.8314362643962,0.0,1,0,Advanced,2,1,1687.2,7062.572604773246,0.8769230769230769
2014,Japan,22.8,19752249424.087,100.16888561309835,76.0,23.706533216698492,-1.9204123703414948,0.8164952193181776,-0.6909539512209038,-0.5064184019427969,10648441636.2071,22.8,74.0,85.49427323642274,0.0,1,0,Advanced,3,2,1732.8,7612.835306595475,0.9500000000000001
2015,Japan,22.8,5252218412.39171,91.16818508993478,75.0,22.38191637904011,-1.9204123703414948,0.7658261897505602,-0.7623557876459389,-0.6699098236298231,19752249424.087,22.8,76.0,-73.40951757126528,0.0,1,0,Advanced,4,3,1710.0,6837.613881745108,0.912
2016,Japan,22.8,40954181468.5533,134.72781110698511,72.0,24.435719753596643,-1.9204123703414948,0.613819101047708,-0.4168007629452673,-0.26736139512221335,5252218412.39171,22.8,75.0,679.7501598929877,0.0,1,0,Advanced,5,4,1641.6000000000001,9700.402399702929,0.8142857142857143
2017,Japan,22.8,18802251208.1068,143.1726348880837,73.0,23.657242444725505,-1.9204123703414948,0.6644881306153254,-0.3498086521973902,-0.517129865856596,40954181468.5533,22.8,72.0,-54.08954462307073,0.0,1,0,Advanced,6,5,1664.4,10451.60234683011,0.8444444444444444
2018,Japan,22.8,25289367857.8518,66.08329446181664,73.0,23.95364990158049,-1.9204123703414948,0.6644881306153254,-0.9613522160638518,-0.4439860275530123,18802251208.1068,22.8,73.0,34.50180820341346,0.0,1,0,Advanced,7,6,1664.4,4824.080495712615,0.8444444444444444
2019,Japan,22.8,39960544340.0141,129.4055804546203,73.0,24.411158412756457,-1.9204123703414948,0.6644881306153254,-0.4590215924771994,-0.27856489852540334,25289367857.8518,22.8,73.0,58.01321948665166,0.0,1,0,Advanced,8,7,1664.4,9446.607373187282,0.8444444444444444
2020,Japan,22.8,62584719398.0912,107.5727987903192,74.0,24.859786986183412,-1.9204123703414948,0.7151571601829427,-0.6322193009317867,-0.02347175136193888,39960544340.0141,22.8,73.0,56.6162834659452,0.0,1,0,Advanced,9,8,1687.2,7960.387110483621,0.8769230769230769
2021,Japan,22.8,35027163875.7213,115.78173120401388,73.0,24.27938970815252,-1.9204123703414948,0.6644881306153254,-0.5670984975100567,-0.33418997858072735,62584719398.0912,22.8,74.0,-44.032402457668276,0.0,1,0,Advanced,10,9,1664.4,8452.066377893014,0.8444444444444444
2022,Japan,22.8,48153832744.0586,103.83975990837706,73.0,24.597666572106917,-1.9204123703414948,0.6644881306153254,-0.661833199420106,-0.18618355338285603,35027163875.7213,22.8,73.0,37.475682915441276,0.0,1,0,Advanced,11,10,1664.4,7580.302473311525,0.8444444444444444
2023,Japan,22.8,20179993817.6998,100.72671787233588,73.0,23.727957545514037,-1.9204123703414948,0.6644881306153254,-0.6865287125826243,-0.5015954785315293,48153832744.0586,22.8,73.0,-58.09265292555621,0.0,1,0,Advanced,12,11,1664.4,7353.050404680519,0.8444444444444444
2024,Japan,22.8,17174260938.7552,88.52006495845094,71.0,23.56667764290655,-1.9204123703414948,0.5631500714800906,-0.7833631125730873,-0.5354858571930461,20179993817.6998,22.8,73.0,-14.894617441895752,0.0,1,0,Advanced,13,12,1618.8,6284.9246120500175,0.7862068965517242
2025,Japan,22.8,,129.53045521525817,71.0,,-1.9204123703414948,0.5631500714800906,-0.4580309710017115,,17174260938.7552,22.8,71.0,,0.0,1,0,Advanced,14,13,1618.8,9196.66232028333,0.7862068965517242
2012,Mexico,52.9,18231597858.0,68.6519628173204,34.0,23.626422071713673,0.783255185658458,-1.3116040225217533,-0.9409751757126216,-0.5235641229574376,,,,,,1,0,Emerging,1,0,1798.6,2334.1667357888937,0.8015151515151515
2013,Mexico,52.9,50929783738.0,67.06057445581781,34.0,24.65371373157434,0.783255185658458,-1.3116040225217533,-0.9535995321373562,-0.154884022080686,18231597858.0,52.9,34.0,179.348985945585,0.0,1,0,Emerging,2,1,1798.6,2280.059531497806,0.8015151515151515
2014,Mexico,52.9,28438309725.0,46.55311457736281,35.0,24.071003007098362,0.783255185658458,-1.260934992954136,-1.1162835690038282,-0.4084809322704839,50929783738.0,52.9,34.0,-44.16173084241578,0.0,1,0,Emerging,3,2,1851.5,1629.3590102076985,0.8138461538461538
2015,Mexico,52.9,36251149438.0,31.711336926933782,31.0,24.31373692637887,0.783255185658458,-1.4636111112246055,-1.234022202494125,-0.3203892398416215,28438309725.0,52.9,35.0,27.47293980743084,0.0,1,0,Emerging,4,3,1639.8999999999999,983.0514447349473,0.7666666666666666
2016,Mexico,52.9,38899523620.0,53.313437195621695,30.0,24.38424784122333,0.783255185658458,-1.514280140792223,-1.0626544710767118,-0.29052816852217667,36251149438.0,52.9,31.0,7.305628160920774,0.0,1,0,Emerging,5,4,1587.0,1599.403115868651,0.7557142857142857
2017,Mexico,52.9,33132345030.0,161.46822549445062,29.0,24.223775833427553,0.783255185658458,-1.5649491703598404,-0.20467119712782988,-0.35555452784799996,38899523620.0,52.9,30.0,-14.825833463510163,0.0,1,0,Emerging,6,5,1534.1,4682.578539339068,0.7450704225352113
2018,Mexico,52.9,37859235431.0,66.29480293579725,28.0,24.357140787885534,0.783255185658458,-1.615618199927458,-0.9596743362785166,-0.30225767412438204,33132345030.0,52.9,29.0,14.266694363830856,0.0,1,0,Emerging,7,6,1481.2,1856.254482202323,0.7347222222222222
2019,Mexico,52.9,29947415429.0,83.45544648970707,29.0,24.122708861590482,0.783255185658458,-1.5649491703598404,-0.8235403252833441,-0.39146539369515543,37859235431.0,52.9,28.0,-20.89799202738686,0.0,1,0,Emerging,8,7,1534.1,2420.207948201505,0.7450704225352113
2020,Mexico,52.9,31541065129.0,110.98279000398534,31.0,24.17455618864666,0.783255185658458,-1.4636111112246055,-0.6051681137244803,-0.3734966007378195,29947415429.0,52.9,29.0,5.321493281376011,0.0,1,0,Emerging,9,8,1639.8999999999999,3440.4664901235456,0.7666666666666666
2021,Mexico,52.9,35523119069.0,111.12366872895512,31.0,24.29344956284242,0.783255185658458,-1.4636111112246055,-0.6040505340816322,-0.328597961599743,31541065129.0,52.9,31.0,12.624982459259936,0.0,1,0,Emerging,10,9,1639.8999999999999,3444.833730597609,0.7666666666666666
2022,Mexico,52.9,39068959282.0,85.1344894622657,31.0,24.388594108392166,0.783255185658458,-1.4636111112246055,-0.8102206118489615,-0.28861773969326454,35523119069.0,52.9,31.0,9.98178174082227,0.0,1,0,Emerging,11,10,1639.8999999999999,2639.169173330237,0.7666666666666666
2023,Mexico,52.9,31020352925.0,120.5654067582418,31.0,24.157909371967285,0.783255185658458,-1.4636111112246055,-0.5291499824412129,-0.3793677591134864,39068959282.0,52.9,31.0,-20.601025737350998,0.0,1,0,Emerging,12,11,1639.8999999999999,3737.527609505496,0.7666666666666666
2024,Mexico,52.9,45334306255.0,,26.0,24.53732989529141,0.783255185658458,-1.7169562590626926,,-0.217974409127138,31020352925.0,52.9,31.0,46.1437475086367,0.0,1,0,Emerging,13,12,1375.3999999999999,,0.7148648648648649
2025,Mexico,52.9,,,27.0,,0.783255185658458,-1.6662872294950752,,,45334306255.0,52.9,26.0,,0.0,1,0,Emerging,14,13,1428.3,,0.7246575342465753
2012,Pakistan,42.4,859000000.0,71.4461648918217,27.0,20.57127947994853,-0.15988465945780464,-1.6662872294950752,-0.9188089944305549,-0.7194444434829957,,,,,,0,0,Emerging,1,0,1144.8,1929.0464520791857,0.5808219178082191
2013,Pakistan,42.4,1333000000.0,56.75946928500228,28.0,21.010697878142985,-0.15988465945780464,-1.615618199927458,-1.0353173744887127,-0.7140999767148113,859000000.0,42.4,27.0,55.180442374854486,0.0,0,0,Emerging,2,1,1187.2,1589.2651399800639,0.5888888888888889
2014,Pakistan,42.4,1887000000.0,80.05200796959033,29.0,21.358254103332825,-0.15988465945780464,-1.5649491703598404,-0.8505395304974984,-0.7078534902389163,1333000000.0,42.4,28.0,41.56039009752439,0.0,0,0,Emerging,3,2,1229.6,2321.5082311181195,0.5971830985915493
2015,Pakistan,42.4,1673000000.0,35.438788648847044,30.0,21.237884258951098,-0.15988465945780464,-1.514280140792223,-1.2044526264988644,-0.7102663929570417,1887000000.0,42.4,29.0,-11.340752517223107,0.0,0,0,Emerging,4,3,1272.0,1063.1636594654112,0.6057142857142856
2016,Pakistan,42.4,2576000000.0,26.97061608298733,32.0,21.669503645188517,-0.15988465945780464,-1.4129420816569882,-1.271629961286353,-0.7000848455062598,1673000000.0,42.4,30.0,53.97489539748954,0.0,0,0,Emerging,5,4,1356.8,863.0597146555946,0.6235294117647059
2017,Pakistan,42.4,2496000000.0,65.31913869020755,32.0,21.637955287453593,-0.15988465945780464,-1.4129420816569882,-0.967414202602262,-0.7009868652139704,2576000000.0,42.4,32.0,-3.105590062111796,0.0,0,0,Emerging,6,5,1356.8,2090.2124380866417,0.6235294117647059
2018,Pakistan,42.4,1737000000.0,70.65407995878091,33.0,21.27542532420538,-0.15988465945780464,-1.3622730520893709,-0.925092540769883,-0.7095447771908734,2496000000.0,42.4,32.0,-30.408653846153843,0.0,0,0,Emerging,7,6,1399.2,2331.58463863977,0.6328358208955224
2019,Pakistan,42.4,2234000000.0,128.440840779881,32.0,21.52705953759342,-0.15988465945780464,-1.4129420816569882,-0.4666747950552878,-0.7039409797567221,1737000000.0,42.4,33.0,28.6125503742084,0.0,0,0,Emerging,8,7,1356.8,4110.106904956192,0.6235294117647059
2020,Pakistan,42.4,2057000000.0,95.01275313465344,31.0,21.44451444761723,-0.15988465945780464,-1.4636111112246055,-0.7318571372411775,-0.7059366983600315,2234000000.0,42.4,32.0,-7.923008057296332,0.0,0,0,Emerging,9,8,1314.3999999999999,2945.3953471742566,0.6144927536231883
2021,Pakistan,42.4,2147000000.0,95.70694064086334,28.0,21.487337355843056,-0.15988465945780464,-1.615618199927458,-0.7263502033487386,-0.7049219261888573,2057000000.0,42.4,31.0,4.3753038405444755,0.0,0,0,Emerging,10,9,1187.2,2679.7943379441735,0.5888888888888889
2022,Pakistan,42.4,1462000000.0,106.64540965496607,27.0,21.103071198273998,-0.15988465945780464,-1.6662872294950752,-0.6395762046721596,-0.7126454699361281,2147000000.0,42.4,28.0,-31.904983698183507,0.0,0,0,Emerging,11,10,1144.8,2879.426060684084,0.5808219178082191
2023,Pakistan,42.4,2048000000.0,199.6260018745059,29.0,21.44012954412367,-0.15988465945780464,-1.5649491703598404,0.09803138701216085,-0.706038175577149,1462000000.0,42.4,27.0,40.08207934336525,0.0,0,0,Emerging,12,11,1229.6,5789.154054360672,0.5971830985915493
2024,Pakistan,42.4,2663000000.0,132.13154032522635,27.0,21.702719143778207,-0.15988465945780464,-1.6662872294950752,-0.43739677113342557,-0.6991038990741247,2048000000.0,42.4,29.0,30.029296875,0.0,0,0,Emerging,13,12,1144.8,3567.5515887811116,0.5808219178082191
2025,Pakistan,42.4,,194.39274660334132,28.0,,-0.15988465945780464,-1.615618199927458,0.05651639205365612,,2663000000.0,42.4,27.0,,0.0,0,0,Emerging,14,13,1187.2,5442.996904893557,0.5888888888888889
2012,Russia,38.2,50587560000.0,205.85337829589844,28.0,24.646971533211442,-0.5371405975043093,-1.615618199927458,0.1474326654407766,-0.15874267903221528,,,,,,0,1,Emerging,1,0,1069.6000000000001,5763.894592285156,0.5305555555555556
2013,Russia,38.2,69218890000.0,197.7275848388672,28.0,24.96053963919724,-0.5371405975043093,-1.615618199927458,0.08297139670403622,0.051330156478500484,50587560000.0,38.2,28.0,36.82986489168483,0.0,0,1,Emerging,2,1,1069.6000000000001,5536.372375488281,0.5305555555555556
2014,Russia,38.2,22031340000.0,255.24072265625,27.0,23.815731822056993,-0.5371405975043093,-1.6662872294950752,0.5392185130433658,-0.48072109425366283,69218890000.0,38.2,28.0,-68.17149191499603,0.0,0,1,Emerging,3,2,1031.4,6891.49951171875,0.5232876712328768
2015,Russia,38.2,6852970000.0,345.455078125,29.0,22.64794797189569,-0.5371405975043093,-1.5649491703598404,1.254881770119007,-0.6518609551401794,22031340000.0,38.2,27.0,-68.89444763686639,0.0,0,1,Emerging,4,3,1107.8000000000002,10018.197265625,0.5380281690140846
2016,Russia,38.2,32538900000.0,55.095497131347656,29.0,24.205702133617667,-0.5371405975043093,-1.5649491703598404,-1.0485175323236835,-0.3622457667542853,6852970000.0,38.2,29.0,374.81456944945035,0.0,0,1,Emerging,5,4,1107.8000000000002,1597.769416809082,0.5380281690140846
2017,Russia,38.2,28557440000.0,400.0167541503906,29.0,24.07518333454592,-0.5371405975043093,-1.5649491703598404,1.6877151764316312,-0.4071377090725468,32538900000.0,38.2,29.0,-12.236000602355945,0.0,0,1,Emerging,6,5,1107.8000000000002,11600.485870361328,0.5380281690140846
2018,Russia,38.2,8784850000.0,72.88907623291016,28.0,22.896294483880794,-0.5371405975043093,-1.615618199927458,-0.9073624943179154,-0.6300785322285332,28557440000.0,38.2,29.0,-69.23796390712893,0.0,0,1,Emerging,7,6,1069.6000000000001,2040.8941345214844,0.5305555555555556
2019,Russia,38.2,31974770000.0,334.68365478515625,28.0,24.18821299126582,-0.5371405975043093,-1.615618199927458,1.169432931398395,-0.36860647147566916,8784850000.0,38.2,28.0,263.97627734110426,0.0,0,1,Emerging,8,7,1069.6000000000001,9371.142333984375,0.5305555555555556
2020,Russia,38.2,9478810000.0,346.3397216796875,30.0,22.972324617907955,-0.5371405975043093,-1.514280140792223,1.2618995765912588,-0.6222539622739988,31974770000.0,38.2,28.0,-70.35534579294863,0.0,0,1,Emerging,9,8,1146.0,10390.191650390625,0.5457142857142857
2021,Russia,38.2,40450000000.0,503.0057373046875,29.0,24.423332480450913,-0.5371405975043093,-1.5649491703598404,2.50471853187481,-0.27304616538343185,9478810000.0,38.2,30.0,326.7413314540538,0.0,0,1,Emerging,10,9,1107.8000000000002,14587.166381835938,0.5380281690140846
2022,Russia,38.2,-39800944226.9805,275.27105712890625,28.0,,-0.5371405975043093,-1.615618199927458,0.6981175522764428,-1.1778953310723064,40450000000.0,38.2,29.0,-198.3954121804215,0.0,0,1,Emerging,11,10,1069.6000000000001,7707.589599609375,0.5305555555555556
2023,Russia,38.2,-10045120000.0,392.5497741699219,26.0,,-0.5371405975043093,-1.7169562590626926,1.628480222243082,-0.842391082673494,-39800944226.9805,38.2,28.0,-74.76160378830772,0.0,0,1,Emerging,12,11,993.2,10206.294128417969,0.5162162162162163
2024,Russia,38.2,-9537180000.0,329.434814453125,22.0,,-0.5371405975043093,-1.9196323773331623,1.127794301400172,-0.8366639340443134,-10045120000.0,38.2,26.0,-5.056584689879262,0.0,0,1,Emerging,13,12,840.4000000000001,7247.56591796875,0.4897435897435898
2025,Russia,38.2,,400.0611267089844,22.0,,-0.5371405975043093,-1.9196323773331623,1.6880671803853586,,-9537180000.0,38.2,22.0,,0.0,0,1,Emerging,14,13,840.4000000000001,8801.344787597656,0.4897435897435898
2012,Singapore,22.5,55310807547.7033,164.55990422412415,87.0,24.73623416123881,-1.9473592230591024,1.373854544561969,-0.180145157363836,-0.10548689937692138,,,,,,0,0,Other,1,0,1957.5,14316.711667498801,1.7307692307692308
2013,Singapore,22.5,64389514904.4993,162.60103484539263,86.0,24.888216644759463,-1.9473592230591024,1.3231855149943517,-0.1956847112683623,-0.003122237422346432,55310807547.7033,22.5,87.0,16.41398446219753,0.0,0,0,Other,2,1,1935.0,13983.688996703766,1.6071428571428572
2014,Singapore,22.5,68698472830.5907,111.78857654401531,84.0,24.95299280638747,-1.9473592230591024,1.2218474558591168,-0.5987758736342065,0.0454623246905244,64389514904.4993,22.5,86.0,6.692017997778565,0.0,0,0,Other,3,2,1890.0,9390.240429697285,1.40625
2015,Singapore,22.5,69774553124.9431,124.55816007961155,85.0,24.96853521183296,-1.9473592230591024,1.2725164854267341,-0.4974757901042642,0.057595395097833735,68698472830.5907,22.5,84.0,1.5663816821750887,0.0,0,0,Other,4,3,1912.5,10587.443606766981,1.5
2016,Singapore,22.5,65133174223.0873,146.5004752814495,84.0,24.899699845045014,-1.9473592230591024,1.2218474558591168,-0.3234091608684406,0.005262704592515039,69774553124.9431,22.5,85.0,-6.651965070338218,0.0,0,0,Other,5,4,1890.0,12306.039923641758,1.40625
2017,Singapore,22.5,101969983887.611,275.8454969727438,84.0,25.34794433131146,-1.9473592230591024,1.2218474558591168,0.7026745375533281,0.42060680817476226,65133174223.0873,22.5,84.0,56.556140713108995,0.0,0,0,Other,6,5,1890.0,23171.021745710477,1.40625
2018,Singapore,22.5,83413645041.1155,185.7694649451723,85.0,25.147077742534222,-1.9473592230591024,1.2725164854267341,-0.011891410741139887,0.211379516393609,101969983887.611,22.5,84.0,-18.197844246938267,0.0,0,0,Other,7,6,1912.5,15790.404520339645,1.5
2019,Singapore,22.5,106572526405.17,252.3981066560681,85.0,25.392091589430795,-1.9473592230591024,1.2725164854267341,0.5166682679661264,0.4725016088799319,83413645041.1155,22.5,85.0,27.76390044175534,0.0,0,0,Other,8,7,1912.5,21453.83906576579,1.5
2020,Singapore,22.5,79753262990.0524,207.154690029162,85.0,25.102203493010126,-1.9473592230591024,1.2725164854267341,0.1577558672046106,0.1701078070460018,106572526405.17,22.5,85.0,-25.165269436473224,0.0,0,0,Other,9,8,1912.5,17608.14865247877,1.5
2021,Singapore,22.5,145404929970.598,283.6749872355547,85.0,25.702788307733737,-1.9473592230591024,1.2725164854267341,0.7647852567798954,0.9103465253022103,79753262990.0524,22.5,85.0,82.31847139437329,0.0,0,0,Other,10,9,1912.5,24112.373915022148,1.5
2022,Singapore,22.5,149723718568.665,233.8462332633296,83.0,25.73205755649404,-1.9473592230591024,1.1711784262914995,0.3694977420768044,0.9590419306633566,145404929970.598,22.5,85.0,2.9701803088384438,0.0,0,0,Other,11,10,1867.5,19409.237360856358,1.3235294117647058
2023,Singapore,22.5,132496437703.249,228.2839335804559,83.0,25.609821596752774,-1.9473592230591024,1.1711784262914995,0.32537246415188364,0.7648000950274981,149723718568.665,22.5,83.0,-11.506046623812239,0.0,0,0,Other,12,11,1867.5,18947.56648717784,1.3235294117647058
2024,Singapore,22.5,151941202883.727,267.6491460239597,84.0,25.746759459823945,-1.9473592230591024,1.2218474558591168,0.6376535418851416,0.984044612584916,132496437703.249,22.5,83.0,14.675689035525807,0.0,0,0,Other,13,12,1890.0,22482.528266012614,1.40625
2025,Singapore,22.5,,348.1387523224892,84.0,,-1.9473592230591024,1.2218474558591168,1.2761711426044122,,151941202883.727,22.5,84.0,,0.0,0,0,Other,14,13,1890.0,29243.655195089093,1.40625
2012,Spain,37.6,19250404232.1962,148.67044067382812,65.0,23.680797896534855,-0.5910343029395244,0.25913589407438614,-0.3061949991933727,-0.5120768301091124,,,,,,1,0,Advanced,1,0,2444.0,9663.578643798828,1.0742857142857143
2013,Spain,37.6,47143326585.2815,135.85504150390625,59.0,24.57645830017165,-0.5910343029395244,-0.04487828333131829,-0.40785853448125425,-0.19757725925760283,19250404232.1962,37.6,65.0,144.8952552717544,0.0,1,0,Advanced,2,1,2218.4,8015.447448730469,0.9170731707317074
2014,Spain,37.6,31972292815.4555,131.92762756347656,60.0,24.188135515164912,-0.5910343029395244,0.005790746236299112,-0.4390143947419398,-0.36863440234165384,47143326585.2815,37.6,59.0,-32.18066027305445,0.0,1,0,Advanced,3,2,2256.0,7915.657653808594,0.9400000000000001
2015,Spain,37.6,23777330434.0906,154.82034301757812,58.0,23.89199846093551,-0.5910343029395244,-0.0955473128989357,-0.2574083164181482,-0.46103462199086687,31972292815.4555,37.6,60.0,-25.631450420732516,0.0,1,0,Advanced,4,3,2180.8,8979.579895019531,0.8952380952380953
2016,Spain,37.6,44962670965.5697,158.0782470703125,58.0,24.529098448364476,-0.5910343029395244,-0.0955473128989357,-0.23156362447854376,-0.22216468856647317,23777330434.0906,37.6,58.0,89.09890279820796,0.0,1,0,Advanced,5,4,2180.8,9168.538330078125,0.8952380952380953
2017,Spain,37.6,33577736758.6064,108.23075103759766,57.0,24.237129087831466,-0.5910343029395244,-0.1462163424665531,-0.6269998184465335,-0.3505326263873224,44962670965.5697,37.6,58.0,-25.32085830862083,0.0,1,0,Advanced,6,5,2143.2000000000003,6169.152809143066,0.8744186046511628
2018,Spain,37.6,63958429156.7585,112.77650451660156,58.0,24.88149916483506,-0.5910343029395244,-0.0955473128989357,-0.5909387201463437,-0.007982835424537729,33577736758.6064,37.6,57.0,90.4786782282613,0.0,1,0,Advanced,7,6,2180.8,6541.037261962891,0.8952380952380953
2019,Spain,37.6,30322872791.4496,131.0411834716797,62.0,24.13516814229054,-0.5910343029395244,0.10712880537153392,-0.44604648473088354,-0.3872320194409738,63958429156.7585,37.6,58.0,-52.58971617778487,0.0,1,0,Advanced,8,7,2331.2000000000003,8124.553375244141,0.9894736842105264
2020,Spain,37.6,37683095972.4205,142.4266357421875,62.0,24.35247744815238,-0.5910343029395244,0.10712880537153392,-0.35572660367810177,-0.30424368991118406,30322872791.4496,37.6,62.0,24.272842588471132,0.0,1,0,Advanced,9,8,2331.2000000000003,8830.451416015625,0.9894736842105264
2021,Spain,37.6,64626902393.5776,152.2834930419922,61.0,24.89189660676653,-0.5910343029395244,0.05645977580391651,-0.27753294410967994,-0.0004456350034398027,37683095972.4205,37.6,62.0,71.50104237952404,0.0,1,0,Advanced,10,9,2293.6,9289.293075561523,0.9641025641025641
2022,Spain,37.6,67459796903.6798,124.22967529296876,60.0,24.934797655956938,-0.5910343029395244,0.005790746236299112,-0.5000816336098469,0.03149594847127241,64626902393.5776,37.6,61.0,4.3834601461321565,0.0,1,0,Advanced,11,10,2256.0,7453.780517578126,0.9400000000000001
2023,Spain,37.6,46961991977.1583,155.27496337890625,60.0,24.57260443016027,-0.5910343029395244,0.005790746236299112,-0.25380184950021195,-0.19962185163531634,67459796903.6798,37.6,60.0,-30.3852158876028,0.0,1,0,Advanced,12,11,2256.0,9316.497802734375,0.9400000000000001
2024,Spain,37.6,42778827261.0579,129.10496520996094,56.0,24.479309126972417,-0.5910343029395244,-0.1968853720341705,-0.46140634913817263,-0.24678806431683667,46961991977.1583,37.6,60.0,-8.907553832331129,0.0,1,0,Advanced,13,12,2105.6,7229.8780517578125,0.8545454545454546
2025,Spain,37.6,,191.9088897705078,55.0,,-0.5910343029395244,-0.2475544016017879,0.0368121547195993,,42778827261.0579,37.6,56.0,,0.0,1,0,Advanced,14,13,2068.0,10554.98893737793,0.8355555555555556
2012,Sweden,47.9,4273531542.41648,74.66651295,88.0,22.175706381475944,0.33414097369833295,1.4245235741295865,-0.8932622311880748,-0.6809447591847622,,,,,,1,0,Advanced,1,0,4215.2,6570.6531396,3.9916666666666667
2013,Sweden,47.9,1487752726.31221,107.4731204,89.0,21.120532580994503,0.33414097369833295,1.4751926036972038,-0.6330100416193993,-0.7123551016028671,4273531542.41648,47.9,88.0,-65.18680834467514,0.0,1,0,Advanced,2,1,4263.099999999999,9565.1077156,4.3545454545454545
2014,Sweden,47.9,-6039792919.86722,108.4015776,87.0,,0.33414097369833295,1.373854544561969,-0.6256446650077192,-0.7972300331471667,1487752726.31221,47.9,89.0,-505.9675249151416,0.0,1,0,Advanced,3,2,4167.3,9430.937251199999,3.6846153846153844
2015,Sweden,47.9,9777569491.28413,107.9964638,89.0,23.003356771833747,0.33414097369833295,1.4751926036972038,-0.6288584003393951,-0.6188853754114507,-6039792919.86722,47.9,87.0,-261.88583981285046,0.0,1,0,Advanced,4,3,4263.099999999999,9611.6852782,4.3545454545454545
2016,Sweden,47.9,15470455705.9977,110.849344,88.0,23.4621979584988,0.33414097369833295,1.4245235741295865,-0.6062267301870118,-0.5546966809186398,9777569491.28413,47.9,89.0,58.223940211197615,0.0,1,0,Advanced,5,4,4215.2,9754.742272,3.9916666666666667
2017,Sweden,47.9,24305209924.7369,134.3558552,84.0,23.913956564507412,0.33414097369833295,1.2218474558591168,-0.4197514593671211,-0.4550826506926278,15470455705.9977,47.9,88.0,57.10726553009087,0.0,1,0,Advanced,6,5,4023.6,11285.891836800001,2.99375
2018,Sweden,47.9,-714153381.400275,122.518347404624,85.0,,0.33414097369833295,1.2725164854267341,-0.5136574606956087,-0.7371821353989259,24305209924.7369,47.9,84.0,-102.93827283784715,0.0,1,0,Advanced,7,6,4071.5,10414.05952939304,3.1933333333333334
2019,Sweden,47.9,15692851350.2202,115.178637098609,85.0,23.476471117595946,0.33414097369833295,1.2725164854267341,-0.571882794749166,-0.552189115243669,-714153381.400275,47.9,85.0,-2297.406293792304,0.0,1,0,Advanced,8,7,4071.5,9790.184153381766,3.1933333333333334
2020,Sweden,47.9,18307766875.476,100.479008754881,85.0,23.630591226178257,0.33414097369833295,1.2725164854267341,-0.6884937691734958,-0.522705298521434,15692851350.2202,47.9,85.0,16.663100075940697,0.0,1,0,Advanced,9,8,4071.5,8540.715744164885,3.1933333333333334
2021,Sweden,47.9,57981119709.6784,114.098389307363,85.0,24.78338327225204,0.33414097369833295,1.2725164854267341,-0.5804523139649819,-0.07537847192891534,18307766875.476,47.9,85.0,216.7023051148115,0.0,1,0,Advanced,10,9,4071.5,9698.363091125855,3.1933333333333334
2022,Sweden,47.9,53904967740.7105,89.47613830483881,83.0,24.71048847649024,0.33414097369833295,1.1711784262914995,-0.775778659283764,-0.12133808952431367,57981119709.6784,47.9,85.0,-7.030136688249389,0.0,1,0,Advanced,11,10,3975.7,7426.519479301622,2.817647058823529
2023,Sweden,47.9,18672474196.9765,,82.0,23.650316308321546,0.33414097369833295,1.120509396723882,,-0.5185931336271871,53904967740.7105,47.9,83.0,-65.36038331978345,0.0,1,0,Advanced,12,11,3927.7999999999997,,2.661111111111111
2024,Sweden,47.9,31602836368.4031,,80.0,24.176512712004993,0.33414097369833295,1.0191713375886473,,-0.3728001147964283,18672474196.9765,47.9,82.0,69.2482529900634,0.0,1,0,Advanced,13,12,3832.0,,2.395
2025,Sweden,47.9,,,80.0,,0.33414097369833295,1.0191713375886473,,,31602836368.4031,47.9,80.0,,0.0,1,0,Advanced,14,13,3832.0,,2.395
2012,United Kingdom,48.3,46750789727.7263,252.60073852539065,74.0,24.568096985110113,0.37007011065514284,0.7151571601829427,0.5182757303575961,-0.20200320902657193,,,,,,1,0,Advanced,1,0,3574.2,18692.45465087891,1.8576923076923075
2013,United Kingdom,48.3,54473175400.2415,371.5023193359375,76.0,24.72097422295716,0.37007011065514284,0.8164952193181776,1.4615124486401387,-0.11493140818720117,46750789727.7263,48.3,74.0,16.51819299201125,0.0,1,0,Advanced,2,1,3670.7999999999997,28234.17626953125,2.0124999999999997
2014,United Kingdom,48.3,58890445252.7139,206.44778442382807,78.0,24.798944694626794,0.37007011065514284,0.9178332784534123,0.15214804165035553,-0.06512560242213354,54473175400.2415,48.3,76.0,8.109073539437572,0.0,1,0,Advanced,3,2,3767.3999999999996,16102.92718505859,2.1954545454545453
2015,United Kingdom,48.3,45333483122.0899,201.1910400390625,81.0,24.537311738172644,0.37007011065514284,1.0698403671562646,0.11044670943479055,-0.21798369015347524,58890445252.7139,48.3,78.0,-23.02064803967371,0.0,1,0,Advanced,4,3,3912.2999999999997,16296.474243164062,2.5421052631578944
2016,United Kingdom,48.3,324813224213.021,249.4154357910156,81.0,26.50651615934667,0.37007011065514284,1.0698403671562646,0.49300697886222633,2.9332192394695094,45333483122.0899,48.3,81.0,616.4973918687211,0.0,1,0,Advanced,5,4,3912.2999999999997,20202.650299072262,2.5421052631578944
2017,United Kingdom,48.3,125358809934.12,539.224609375,82.0,25.554445941762452,0.37007011065514284,1.120509396723882,2.7920399434036502,0.6843215836018,324813224213.021,48.3,81.0,-61.40587864368896,0.0,1,0,Advanced,6,5,3960.6,44216.41796875,2.683333333333333
2018,United Kingdom,48.3,-25055440306.9073,395.8885803222656,80.0,,0.37007011065514284,1.0191713375886473,1.6549667040598062,-1.0116361418719568,125358809934.12,48.3,82.0,-119.98698002962433,0.0,1,0,Advanced,7,6,3864.0,31671.08642578125,2.415
2019,United Kingdom,48.3,19790761929.1276,406.9074096679688,77.0,23.708481096533628,0.37007011065514284,0.867164248885795,1.7423781948112775,-0.5059841639610478,-25055440306.9073,48.3,80.0,-178.98788321701005,0.0,1,0,Advanced,8,7,3719.1,31331.870544433597,2.1
2020,United Kingdom,48.3,157185559299.989,390.30474853515625,77.0,25.78069285076259,0.37007011065514284,0.867164248885795,1.610670613676392,1.0431760231064935,19790761929.1276,48.3,77.0,694.2370276742444,0.0,1,0,Advanced,9,8,3719.1,30053.46563720703,2.1
2021,United Kingdom,48.3,102431564639.492,199.22393798828125,78.0,25.35246075048557,0.37007011065514284,0.9178332784534123,0.09484184640221106,0.4258112448609684,157185559299.989,48.3,77.0,-34.83398532558508,0.0,1,0,Advanced,10,9,3767.3999999999996,15539.467163085938,2.1954545454545453
2022,United Kingdom,48.3,92776358059.3492,186.7559509277344,73.0,25.253457681989644,0.37007011065514284,0.6644881306153254,-0.004065696444656208,0.3169464121446609,102431564639.492,48.3,78.0,-9.426007123999636,0.0,1,0,Advanced,11,10,3525.8999999999996,13633.184417724611,1.7888888888888888
2023,United Kingdom,48.3,13789803776.1608,267.3662414550781,71.0,23.34719529922042,0.37007011065514284,0.5631500714800906,0.6354092825967459,-0.5736464454500712,92776358059.3492,48.3,73.0,-85.13651099848148,0.0,1,0,Advanced,12,11,3429.2999999999997,18983.003143310547,1.6655172413793102
2024,United Kingdom,48.3,-60647281077.0004,256.4903869628906,71.0,,0.37007011065514284,0.5631500714800906,0.5491319999080079,-1.4129429144759176,13789803776.1608,48.3,71.0,-539.7979990247918,0.0,1,0,Advanced,13,12,3429.2999999999997,18210.817474365234,1.6655172413793102
2025,United Kingdom,48.3,,458.2020263671875,70.0,,0.37007011065514284,0.5124810419124731,2.1492942811333213,,-60647281077.0004,48.3,71.0,,0.0,1,0,Advanced,14,13,3381.0,32074.141845703125,1.6099999999999999
2012,United States,49.2,250345000000.0,154.41802978515625,73.0,26.246105803483776,0.4509106688079659,0.6644881306153254,-0.2605998350715116,2.093571666490175,,,,,,1,0,Advanced,1,0,3591.6000000000004,11272.516174316406,1.8222222222222224
2013,United States,49.2,288131000000.0,199.35894775390625,73.0,26.386681074775513,0.4509106688079659,0.6644881306153254,0.0959128680605953,2.5196181249345213,250345000000.0,49.2,73.0,15.09357087219636,0.0,1,0,Advanced,2,1,3591.6000000000004,14553.203186035156,1.8222222222222224
2014,United States,49.2,251856000000.0,107.70513916015624,74.0,26.252123332558877,0.4509106688079659,0.7151571601829427,-0.6311694553764086,2.1106085637195564,288131000000.0,49.2,73.0,-12.589759519107623,0.0,1,0,Advanced,3,2,3640.8,7970.180297851562,1.8923076923076925
2015,United States,49.2,511434000000.0,120.54422760009766,76.0,26.96048438175465,0.4509106688079659,0.8164952193181776,-0.5293179950066279,5.037414459820403,251856000000.0,49.2,74.0,103.06603773584904,0.0,1,0,Advanced,4,3,3739.2000000000003,9161.361297607422,2.0500000000000003
2016,United States,49.2,474388000000.0,154.85731506347656,74.0,26.88529138920039,0.4509106688079659,0.7151571601829427,-0.25711502013895915,4.619711683672378,511434000000.0,49.2,76.0,-7.2435543980259425,0.0,1,0,Advanced,5,4,3640.8,11459.441314697266,1.8923076923076925
2017,United States,49.2,380823000000.0,195.04063415527344,75.0,26.665600537199328,0.4509106688079659,0.7658261897505602,0.061656032116762426,3.564743259273255,474388000000.0,49.2,74.0,-19.72330666037083,0.0,1,0,Advanced,6,5,3690.0,14628.047561645508,1.9680000000000002
2018,United States,49.2,214715000000.0,160.9672088623047,71.0,26.09257740431851,0.4509106688079659,0.5631500714800906,-0.20864572194649725,1.6918346391686256,380823000000.0,49.2,75.0,-43.61816381888699,0.0,1,0,Advanced,7,6,3493.2000000000003,11428.671829223633,1.696551724137931
2019,United States,49.2,315984000000.0,284.13592529296875,69.0,26.47895741634004,0.4509106688079659,0.46181201234485575,0.7684418414749259,2.833667561420267,214715000000.0,49.2,71.0,47.164380690683004,0.0,1,0,Advanced,8,7,3394.8,19605.378845214844,1.5870967741935484
2020,United States,49.2,137066000000.0,164.7553253173828,67.0,25.6437283985942,0.4509106688079659,0.36047395320962095,-0.17859489748140275,0.8163230356184996,315984000000.0,49.2,69.0,-56.6224872145425,0.0,1,0,Advanced,9,8,3296.4,11038.606796264648,1.490909090909091
2021,United States,49.2,477956000000.0,261.30615234375,67.0,26.89278451499178,0.4509106688079659,0.36047395320962095,0.5873350810015904,4.659941762636265,137066000000.0,49.2,67.0,248.705003429005,0.0,1,0,Advanced,10,9,3296.4,17507.51220703125,1.490909090909091
2022,United States,49.2,416890000000.0,155.2796630859375,69.0,26.75608823497796,0.4509106688079659,0.46181201234485575,-0.2537645671007112,3.9714075692481727,477956000000.0,49.2,67.0,-12.776489886098297,0.0,1,0,Advanced,11,10,3394.8,10714.296752929688,1.5870967741935484
2023,United States,49.2,361944000000.0,161.4271240234375,69.0,26.614755340672904,0.4509106688079659,0.46181201234485575,-0.20499725180574685,3.351877883499931,416890000000.0,49.2,69.0,-13.179975533114252,0.0,1,0,Advanced,12,11,3394.8,11138.471557617188,1.5870967741935484
2024,United States,49.2,297058000000.0,131.27366638183594,65.0,26.41719324287853,0.4509106688079659,0.25913589407438614,-0.4442022164231143,2.6202722490686634,361944000000.0,49.2,69.0,-17.927082642618753,0.0,1,0,Advanced,13,12,3198.0,8532.788314819336,1.4057142857142857
2025,United States,49.2,,236.7870635986328,64.0,,0.4509106688079659,0.20846686450676874,0.3928271136090213,,297058000000.0,49.2,65.0,,0.0,1,0,Advanced,14,13,3148.8,15154.3720703125,1.3666666666666667
